name,combat_level,hitpoints,attack_level,strength_level,defence_level,ranged_level,magic_level,defence_stab,defence_slash,defence_crush,defence_magic,defence_ranged
Grave scorpion,12,7,11,12,14,1,1,0,3,3,0,0
Jungle Demon (hard),327,255,340,340,170,1,340,0,50,0,50,0
Double agent,141,160,130,105,100,1,95,20,20,20,0,0
Ghost,77,80,63,63,68,1,1,55,55,5,55,55
Brawler,51,53,27,57,43,0,0,0,0,0,0,0
Kalphite Queen,333,255,300,300,300,1,150,100,100,100,10,10
Zombified Spawn,55,8,80,80,4,1,1,3,3,3,-100,3
Black knight,33,42,25,25,25,1,1,73,76,70,-11,72
Giant frog,99,100,100,80,65,1,1,0,0,0,0,0
Fire Warrior of Lesarkus,84,59,78,78,78,1,62,34,37,35,-7,35
Giant frog,13,23,10,8,6,1,1,0,0,0,0,0
Reanimated ogre,0,35,43,43,43,1,1,0,0,0,0,0
Pirate,23,20,20,20,20,1,1,0,1,0,0,0
Bear Cub,15,20,10,15,10,1,1,0,0,0,0,0
Animated Iron Armour,23,20,20,20,20,1,1,50,25,19,400,400
Iorwerth Warrior,108,105,95,95,80,0,1,50,70,70,60,50
Basilisk,61,75,30,45,75,1,1,20,20,0,20,0
Guard,20,22,17,18,13,1,1,24,14,19,4,16
Corrupted Dark Beast,258,100,147,147,98,147,98,0,0,0,0,0
Skeleton warlord,132,124,115,114,110,1,1,0,3,2,-3,2
Weaponsmaster,23,20,21,21,21,1,1,21,23,21,-6,20
Hellhound,122,116,105,104,102,1,1,0,0,0,0,0
Troll,91,120,50,100,50,0,0,25,25,40,200,200
Guard,19,22,15,15,16,1,1,5,5,5,-4,5
Double agent,65,80,80,43,24,1,24,3,3,3,0,0
Lesser demon,87,87,80,70,71,1,1,0,0,0,-10,0
Big frog,10,18,8,6,4,1,1,0,0,0,0,0
Shifter,76,53,87,67,53,0,47,0,0,0,0,0
Arzinian Avatar of Strength,75,70,70,65,50,0,0,15,15,15,10,40
Skeleton,94,85,70,60,80,1,110,50,40,0,0,40
Ugthanki,42,45,35,35,35,0,0,0,0,0,0,0
Dark beast,182,220,140,160,120,1,160,30,40,100,90,100
Small Lizard,12,15,10,10,10,1,1,0,5,5,0,0
Zombie,95,92,85,80,75,1,1,20,20,0,0,10
Brassican Mage,140,150,80,70,80,140,170,0,0,0,0,0
H.A.M. Guard,22,30,16,20,12,1,1,7,7,0,0,7
Zakl'n Gritch,142,150,83,76,127,150,50,0,0,0,-5,0
Brine rat,70,50,70,79,40,1,1,0,0,0,0,0
Wolf,11,10,10,10,10,1,1,0,0,0,0,0
Deathly ranger,0,,1,1,0,0,0,0,0,0,0,0
Hobgoblin,47,52,39,39,35,1,1,0,0,0,0,0
Lesser Demon Champion,162,148,136,140,142,1,136,0,0,0,0,0
Thorhild,1,1,1,1,1,1,1,0,0,0,0,0
Ice demon,0,140,1,1,160,390,390,70,70,110,60,140
Skeleton fremennik,50,35,60,43,35,1,1,14,18,15,-4,15
Corrupt Lizardman,46,50,38,38,38,38,1,-10,25,0,0,0
Giant scarab (hard),316,255,305,342,169,342,1,70,99,99,159,149
Scarab mage,93,50,90,90,90,1,70,40,90,90,34,0
Giant bat,27,32,22,22,22,1,1,10,10,12,10,8
Dark warrior,51,70,40,40,30,1,15,10,20,40,0,0
Count Draynor,34,35,30,25,30,1,1,2,1,3,0,0
Vanstrom Klause,413,155,150,136,150,150,150,0,0,0,0,0
Giant rat,3,3,1,1,1,1,1,-100,-100,-100,0,-100
Speedy Keith,34,37,32,26,27,1,1,9,8,10,0,0
Third Age Ranger,76,40,1,1,80,95,1,55,47,60,60,55
Bedabin Nomad Fighter,56,50,40,50,60,0,0,0,0,0,0,0
Penance Ranger,51,50,0,0,54,52,0,0,0,0,0,0
Vet'ion,454,255,430,430,395,1,300,201,200,-10,250,270
Guardian Drake,386,630,270,280,200,240,300,60,100,100,20,150
Ork,107,110,100,100,60,1,1,12,14,13,5,13
Joseph,24,60,10,10,10,1,1,-21,-21,-21,-21,-21
Vyrewatch,120,105,120,106,85,120,120,0,0,0,0,0
Locust rider,98,90,105,90,50,90,1,50,90,50,34,66
Jungle Demon,195,170,170,170,170,1,170,0,50,0,50,0
Feral Vampyre,25,40,55,60,55,1,40,0,0,0,0,0
Sarachnis,318,400,200,240,150,300,150,60,40,10,150,300
Rowdy Guard,43,,0,0,0,0,0,0,0,0,0,0
Vyrewatch,105,75,80,75,75,1,75,0,0,0,0,0
Yuri,24,60,10,10,10,1,1,-21,-21,-21,-21,-21
Zamorak crafter,19,25,15,15,12,1,20,0,0,0,0,0
Defiler,67,62,0,0,41,85,0,0,0,0,0,0
Desert snake,5,6,4,5,3,1,1,0,0,0,0,0
Kurask,106,97,67,105,105,1,1,0,20,20,0,0
Skeleton,142,77,180,90,110,1,110,0,0,0,0,0
Gnome woman,1,2,1,1,1,1,1,-42,-42,-42,-42,-42
Yadviga,24,60,10,10,10,1,1,-21,-21,-21,-21,-21
Woman,14,23,10,10,10,1,1,0,0,0,0,0
Mudskipper,30,20,29,29,26,1,1,0,0,0,0,0
Maniacal Monkey Archer,132,60,120,80,80,200,1,0,0,0,0,0
Barbarian,15,24,15,3,10,15,1,0,3,2,-3,2
Cave crawler,23,22,22,18,18,1,1,10,10,5,5,10
Bandit,41,30,40,50,20,1,1,0,9,8,10,0
Elf Archer,90,105,10,10,80,90,1,50,50,50,60,70
Spinolyp,76,100,10,10,10,1,1,100,100,100,50,50
Turoth,83,76,53,83,83,1,1,0,20,20,0,0
Porazdir,235,320,250,150,100,1,180,200,200,200,-60,200
Feral Vampyre,64,80,55,30,60,1,1,0,0,0,0,0
Locust,18,27,17,18,1,1,1,0,0,0,0,0
Feral Vampyre,100,135,105,76,30,0,0,0,0,0,0,0
Suit of armour,19,29,16,14,9,1,1,46,50,45,-12,45
Reanimated dragon,0,35,68,68,68,1,68,20,40,40,30,20
Lava dragon,252,230,240,220,220,1,1,70,90,90,80,70
Gelatinnoth Mother,130,240,78,78,81,50,1,150,150,150,50,50
Afflicted,32,26,26,26,36,1,1,0,0,0,0,0
Infernal pyrelord,134,184,124,96,68,1,1,18,18,18,0,18
Scorpion,14,17,11,12,11,1,1,5,15,15,0,5
Dagannoth mother,100,120,78,78,81,50,1,150,150,150,50,50
Corrupted Hunllef,894,1000,240,240,240,240,240,20,20,20,20,20
Kamil,154,130,190,80,135,1,1,35,60,35,0,0
Ghost,76,75,63,63,68,1,1,45,45,5,-5,45
Baby blue dragon,48,50,40,40,40,1,1,30,50,50,40,30
Narf,2,7,1,1,1,1,1,-5,-5,-5,-5,-5
Xarpus,960,4300,1,1,100,50,80,0,0,0,0,100
Cyclops,106,150,95,75,55,1,1,0,0,0,0,0
Lost barbarian,132,124,115,114,110,1,1,0,0,0,0,0
Turoth,87,79,56,86,86,1,1,0,20,20,0,0
Flaming pyrelord,97,126,98,65,52,1,1,18,18,18,0,18
Giant mosquito,13,3,5,1,45,1,1,2,2,5,2,0
Imp,2,8,1,1,1,1,1,-42,-42,-42,-42,-42
Abomination,149,200,110,110,110,110,110,80,80,80,20,180
Giant spider,50,50,41,51,31,1,1,10,10,10,10,10
Zombie,44,40,35,40,40,1,1,0,0,22,0,0
The Jormungand,363,600,214,214,214,214,214,50,50,10,50,50
River troll,120,120,100,100,100,1,1,0,0,0,0,0
Flambeed,149,210,120,120,75,1,1,50,50,5,5,50
H.A.M. Mage,30,35,0,0,30,1,30,5,5,0,0,5
Barbarian,8,14,6,5,5,1,1,1,1,0,0,0
Goblin,12,15,12,6,13,1,1,0,0,0,0,0
Penance Ranger,25,28,0,0,29,24,0,0,0,0,0,0
Billy Goat,33,28,31,29,29,1,1,10,10,0,0,10
Zombie swab,55,50,45,50,50,1,1,0,0,0,0,0
Gnome child,1,2,1,1,1,1,1,-42,-42,-42,-42,-42
Sea Snake Young,90,85,90,70,70,1,1,0,0,0,0,0
Crystalline Dragon,172,100,98,98,98,98,98,0,0,0,0,0
Yt-MejKot,180,80,160,240,120,240,120,0,0,0,0,0
Sergeant,84,86,75,73,61,1,1,16,16,18,-12,27
Waterfiend,115,128,0,0,128,105,105,100,100,10,100,100
Kalphite Queen,333,255,300,300,300,1,150,50,50,10,100,100
Zombie rat,3,5,2,3,2,1,1,0,0,0,0,0
Borrokar,48,50,40,40,40,1,1,0,0,0,0,0
Revenant hellhound,90,80,76,80,80,80,104,138,140,142,62,140
Hopeless creature,71,71,59,62,59,1,1,0,0,0,0,0
Bandit champion,70,50,59,80,50,0,0,9,8,10,0,0
Greater demon,92,87,76,78,81,1,1,0,0,0,-10,0
Ghast,109,45,22,22,18,1,1,0,0,0,0,0
Greater Skeleton Hellhound,281,190,240,310,220,1,1,150,163,20,210,275
Skeleton,72,69,75,61,45,1,1,50,40,0,0,40
Jogre,58,70,46,48,43,1,1,0,0,0,0,0
Guard,10,16,8,6,9,1,1,3,4,4,2,3
Infernal Mage,66,60,1,1,60,1,75,0,0,0,40,0
Big frog,24,25,25,20,15,1,1,0,0,0,0,0
Minotaur,27,22,23,25,25,1,1,-10,-10,-10,21,-10
Spinner,92,101,32,32,118,0,82,0,0,0,0,0
Spiritual ranger,115,131,1,1,96,121,1,12,14,13,5,13
Jal-AkRek-Xil,70,15,1,1,95,120,1,0,0,0,0,25
Torcher,91,71,0,0,89,0,107,0,0,0,0,0
Loar Shadow,40,38,45,30,26,0,0,0,0,0,0,0
Ice troll,121,90,110,110,110,1,1,30,60,30,0,0
Ice giant,53,70,40,40,40,1,1,0,3,2,0,0
Earth warrior,51,54,42,42,42,1,1,30,40,20,10,30
Black Heather,34,37,32,26,27,1,1,9,8,10,0,0
Flockleader Geerin,149,132,80,80,175,150,50,0,0,0,0,0
Goblin,17,18,14,16,14,1,1,0,0,0,0,0
Corrupted Bat,48,14,36,102,2,0,2,0,0,0,0,0
Monkey Guard,149,130,130,130,130,1,130,0,0,0,0,0
Swamp frog,24,25,25,20,15,1,1,0,0,0,0,0
Elf Warrior,108,105,95,95,80,0,1,50,70,70,60,50
Nechryael,115,105,97,97,105,1,1,20,20,20,0,20
Blood Blamish Snail,20,13,0,0,45,12,1,5,5,30,5,50
Steel dragon,274,250,235,235,235,1,130,50,70,70,30,90
Shantay Guard,22,32,17,16,16,0,0,12,15,18,6,15
Reanimated chaos druid,0,35,8,8,12,1,10,0,0,0,0,0
Woman,3,10,2,1,1,1,1,1,1,1,0,0
Sir Lancelot,127,115,110,110,110,1,1,300,85,300,0,0
River troll,159,170,130,130,130,1,1,0,0,0,0,0
Gang boss,83,80,1,1,70,80,1,0,0,10,0,0
Dark wizard,11,15,5,5,10,1,10,0,0,0,5,0
Lobstrosity,68,50,60,80,40,1,1,30,50,15,99,70
Feral Vampyre,61,40,55,60,55,1,40,0,0,0,0,0
Jal-Xil,370,125,140,180,60,250,90,0,0,0,0,0
Vampyre Juvinate,50,60,50,37,30,1,1,0,0,0,0,0
Khazard Scorpion,44,40,40,39,34,1,1,5,15,15,0,5
Cockathrice,89,95,63,78,78,1,1,20,20,0,20,0
Black demon,188,200,145,165,152,1,1,0,0,0,-10,0
Barrelchest,190,134,170,145,140,1,90,0,0,0,0,0
Karil the Tainted,98,100,1,1,100,100,1,79,71,90,106,100
Ice troll female,82,80,80,80,40,1,1,30,60,30,0,0
Rabbit,2,5,1,1,1,1,1,-42,-42,-42,-42,-42
Aviansie,92,95,1,1,100,90,1,0,0,0,0,0
Kraken,291,255,1,1,1,1,1,0,0,0,130,300
Nylocas Toxobolos,260,11,200,160,1,200,1,0,0,0,0,0
General Graardor,624,255,280,350,250,350,80,90,90,90,298,90
Zombie,80,73,72,73,62,1,1,20,20,0,0,10
Loar Shade,40,38,45,30,26,0,0,0,0,0,0,0
Undead one,68,47,63,63,63,0,0,0,0,0,0,0
Zamorak mage,82,50,75,80,80,1,85,0,0,0,0,0
Revenant knight,126,143,100,119,80,146,146,195,200,180,95,190
Damis,103,90,90,90,90,1,1,60,60,60,60,60
Thermonuclear smoke devil,301,240,230,220,360,310,1,11,4,9,800,900
Vampyre Juvinate,75,110,70,50,35,1,1,0,0,0,0,0
Drunken man,3,7,1,3,1,1,1,-21,-21,-21,-21,-21
Ogre,53,60,43,43,43,1,1,0,0,0,0,0
Zamorak ranger,82,50,75,80,80,80,1,0,0,0,0,0
Goblin,12,3,15,6,19,1,1,0,0,0,0,0
Newtroost,19,18,18,16,17,1,1,0,0,0,0,0
Temple guardian,30,45,20,20,20,1,1,0,0,0,0,0
Penance Fighter,47,38,41,43,44,0,0,0,0,0,0,0
Crawling Hand,12,19,11,7,7,1,1,0,0,0,0,0
Aviansie,97,98,1,1,100,99,1,0,0,0,0,0
Venenatis,464,255,470,490,490,1,150,260,260,260,850,100
Terror dog,100,82,100,90,74,1,1,0,0,0,0,0
Reanimated scorpion,0,15,11,12,11,1,1,5,15,15,5,0
Dagannoth mother (hard),201,240,186,186,81,120,1,150,150,150,50,50
Spider,1,2,1,1,1,1,1,0,1,0,1,0
Fire wizard,13,25,5,5,10,0,10,0,0,0,15,0
Nazastarool (hard),181,176,187,176,80,0,0,0,0,0,0,0
Tanglefoot (hard),199,204,194,194,91,1,1,0,0,0,0,0
Jeff,2,7,1,1,1,1,1,-10,-10,-10,-10,-10
Bandit,74,65,65,65,65,1,1,0,0,0,0,0
Aviansie,71,63,1,1,55,86,1,0,0,0,0,0
Dagannoth,88,85,10,10,75,100,1,10,10,90,200,150
Xarpus,331,4300,1,1,100,50,80,0,0,0,0,100
Zombie,25,30,19,21,21,1,1,10,8,12,10,10
Jubbly bird,9,21,0,0,0,0,0,0,0,0,0,0
Cow (hard),170,160,200,200,1,1,1,-21,-21,-21,-21,-21
Locust rider,68,90,100,90,90,1,1,90,90,40,0,0
Goblin,5,5,1,1,1,1,1,-15,-15,-15,-15,-15
Dagannoth,135,142,114,117,98,1,1,50,50,50,50,50
Giant snail,80,125,30,30,60,70,30,0,0,0,0,0
Baby tanglefoot,45,40,40,38,40,1,1,0,0,0,0,0
Black demon,184,170,155,158,162,1,1,0,0,0,-10,0
Jal-Ak,165,40,160,160,95,160,160,25,25,25,25,25
Goblin,13,16,12,13,7,1,1,4,6,8,4,4
Jal-Zek,490,220,370,510,260,510,300,0,0,0,0,0
Skeleton,45,59,32,35,36,1,1,9,11,-2,1,4
Runite Golem,178,170,140,150,165,1,1,0,0,0,0,0
Nylocas Athanatos,350,180,1,1,50,1,50,0,0,0,0,0
Insatiable Bloodveld,202,380,190,145,85,1,1,0,0,0,0,0
Crystalline Hunllef,674,600,240,240,240,240,240,20,20,20,20,20
Ogre chieftain,81,60,75,71,75,1,1,10,21,16,0,0
Scarab mage,66,50,90,90,90,1,70,40,90,90,34,0
Duck,1,3,1,1,1,1,1,-42,-42,-42,-42,-42
Bouncer,137,116,120,120,120,1,1,0,0,0,0,0
Pirate,57,,0,0,0,0,0,0,0,0,0,0
Confused barbarian,132,124,115,114,110,1,1,0,3,2,-3,2
Penance Fighter,68,55,60,61,62,0,0,0,0,0,0,0
Damien Leucurte,204,217,0,0,160,160,160,30,30,30,30,30
Reanimated dagannoth,0,35,78,78,81,50,1,0,0,0,0,0
Cockatrice,37,37,22,37,37,1,1,10,10,0,10,0
Mummy,103,90,90,90,90,1,1,90,90,90,0,0
Ravager,53,38,37,82,23,0,0,0,0,0,0,0
Vespine soldier,0,,0,0,0,1,0,0,0,0,30,0
White Knight,36,52,27,29,21,1,1,83,76,70,-11,74
Ochre Blamish Snail,10,10,0,0,18,7,1,5,5,30,5,50
Penance Fighter,61,50,56,55,52,0,0,0,0,0,0,0
Highwayman,5,13,2,2,2,1,1,0,3,2,0,2
Reanimated horror,0,35,70,70,55,1,1,0,0,0,0,0
Vampyre Juvinate,54,60,50,37,30,1,1,0,0,0,0,0
Arzinian Avatar of Strength,0,,0,0,0,0,0,0,0,0,0,0
Elder Chaos druid,129,150,98,98,65,1,110,0,0,0,0,0
Lizard,42,40,38,36,35,1,1,5,15,15,0,5
Skeleton,132,54,160,180,62,1,1,25,20,25,10,30
Undead one,61,47,55,55,55,0,0,5,5,3,1,4
Knight of Ardougne,53,54,44,52,28,1,1,20,40,40,30,20
Grizzly bear,21,27,17,18,15,1,1,0,0,0,0,0
Zombie,70,65,61,60,61,1,1,20,20,0,0,10
TzHaar-Ket,149,140,120,140,120,1,40,0,0,0,0,0
Highwayman,5,13,2,2,4,1,1,0,3,2,0,2
Forester,15,17,14,13,8,1,1,4,3,5,0,0
Icefiend,18,20,12,16,19,1,1,0,0,0,0,0
Ancient Wizard,98,80,50,30,20,1,150,0,0,0,0,0
Werewolf,88,100,70,70,70,1,1,0,0,0,60,0
Rock Golem,29,,0,0,0,0,0,0,0,0,0,0
Mourner,51,19,8,8,8,1,1,6,6,9,0,0
TzKal-Zuk,1400,1200,350,600,260,400,150,0,0,0,350,100
Air wizard,13,25,5,5,10,0,10,0,0,0,15,0
Yt-HurKot,141,60,140,100,60,120,120,0,0,0,100,100
Sotetseg,995,,0,0,0,0,0,0,0,0,0,0
Giant Rock Crab,137,180,50,80,200,1,1,225,200,175,10,250
Black bear,19,25,15,16,13,1,1,0,0,0,0,0
Nylocas Toxobolos,162,11,200,160,1,200,1,0,0,0,0,0
Shade,140,115,130,136,100,50,50,0,0,0,0,0
Shipyard worker,11,10,10,10,10,0,0,0,0,0,0,0
Ravager,89,68,57,132,43,0,0,0,0,0,0,0
Third Age Mage,83,40,1,1,80,1,110,5,6,5,65,-5
Goblin,2,5,3,1,4,1,1,-15,-15,-15,-15,-15
Donny the lad,34,37,32,26,27,1,1,9,8,10,0,0
Ogre,58,70,46,48,43,1,1,0,0,0,0,0
Reanimated abyssal,0,35,97,67,135,1,1,20,20,20,0,20
Deadly red spider,34,35,30,25,30,1,1,15,16,7,12,16
Skeleton,22,29,0,0,0,0,0,0,0,0,0,0
Head,140,150,73,186,75,50,50,0,0,0,0,0
Dagannoth,90,95,76,78,65,1,1,50,50,50,50,50
General Khazard,112,170,75,78,80,1,1,0,0,0,0,0
Tortoise,79,100,15,90,80,1,1,0,0,0,0,0
Summoned Zombie,13,22,8,9,10,1,1,0,0,0,0,0
Duckling,1,3,1,1,1,1,1,-42,-42,-42,-42,-42
Flight Kilisa,159,133,124,118,175,169,50,0,0,0,0,0
Spawn of Sarachnis,68,30,10,10,50,1,100,50,50,50,150,0
The Illusive,108,140,0,0,0,0,0,0,0,0,0,0
Crab,21,18,17,17,22,1,1,0,0,0,0,0
Dungeon rat,12,12,10,10,10,1,1,0,0,0,0,0
Ghast,30,45,22,22,18,1,1,0,0,0,0,0
Dagannoth,92,120,68,70,71,1,1,0,0,0,50,50
Uodai,149,,0,0,0,0,0,0,0,0,0,0
Baby Roc,75,50,70,70,70,1,1,0,0,0,150,0
Animated Rune Armour,138,120,120,120,120,1,1,50,25,19,400,400
Twisted Banshee,89,100,75,85,50,1,1,15,15,15,0,15
Ice troll,124,80,140,120,80,1,1,30,60,30,0,0
Penance Ranger,57,50,0,0,61,62,0,0,0,0,0,0
Undead Lumberjack,50,14,117,16,14,1,1,0,0,0,0,0
White wolf,38,44,30,31,32,1,1,0,0,0,0,0
Skeleton,40,26,33,31,52,1,1,50,40,0,0,40
Bronze dragon,143,122,130,130,112,1,130,50,70,70,30,90
Nechryarch,300,320,310,260,140,1,1,30,30,30,0,30
Soldier (tier 1),39,50,30,30,30,1,1,0,0,0,0,-1
Phantom Hand,47,12,100,50,8,1,8,0,0,0,0,0
Blessed spider,39,32,35,35,35,1,1,15,16,7,12,16
Black chinchompa,2,1,2,2,2,2,2,0,0,0,0,0
Blood spawn,35,120,1,1,0,1,0,0,0,0,0,0
Nylocas Toxobolos,260,22,250,230,20,250,20,0,0,0,0,0
The Maiden of Sugadinti,940,2450,350,350,200,350,350,0,0,0,0,0
Necromancer,68,80,56,56,50,1,60,8,8,8,4,0
Goblin,13,16,1,1,1,1,1,4,6,8,4,4
Barbarian Warlord,91,80,90,90,50,1,40,15,20,15,0,10
Irina,24,60,10,10,10,1,1,-21,-21,-21,-21,-21
Bandit,22,27,17,17,17,1,1,4,8,5,1,4
Double agent,108,120,100,80,80,1,80,20,20,20,0,0
Angry giant rat,47,50,38,41,38,1,1,0,0,0,0,0
Arzinian Avatar of Ranging,75,70,10,40,75,75,0,10,10,10,40,15
Guardian of Armadyl,45,50,37,37,37,1,1,43,55,50,-12,51
Parasite,57,40,1,1,40,60,60,50,70,10,100,100
Nazastarool,93,80,85,80,80,0,0,0,0,0,0,0
Leech,52,45,80,20,35,1,1,0,0,0,0,0
Twig,71,90,40,90,25,0,0,0,0,10,200,200
Poison spider,31,25,28,28,28,1,1,20,17,10,14,14
Guard,22,22,15,15,16,26,1,13,17,14,-4,15
Corrupt Lizardman (hard),152,150,162,162,38,162,1,-10,25,0,0,0
Bouncer (hard),244,232,240,240,120,1,1,0,0,0,0,0
Third Age Warrior,83,40,90,75,80,1,1,96,108,113,-4,97
Giant Sea Snake,149,100,170,90,160,130,1,0,0,0,0,0
Fire giant,109,150,90,80,65,1,1,0,3,2,0,0
Holthion,91,87,76,78,77,1,1,0,0,0,-10,0
Vasa Nistirio,0,,1,1,0,0,0,170,190,50,400,60
Ravager,71,53,47,107,33,0,0,0,0,0,0,0
Skeleton heavy,132,124,115,114,110,1,1,0,3,2,-3,2
Skogre,44,71,20,36,35,1,1,0,0,0,0,0
Monstrous basilisk,135,170,88,98,130,1,1,35,35,0,35,0
Nylocas Ischyros,260,22,250,230,20,250,20,0,0,0,0,0
Dark warrior,37,50,30,30,20,1,10,10,20,40,0,0
Sir Mordred,39,38,33,33,33,1,1,99,82,45,0,0
Ice troll runt,74,60,60,70,70,1,1,30,60,30,0,0
Slagilith,92,60,60,120,75,1,1,50,50,5,5,50
Sorebones,57,52,49,50,50,1,1,0,0,0,0,0
TzHaar-Hur,74,80,60,60,60,1,80,0,0,0,0,0
Spitting Wyvern,139,200,125,80,90,125,125,70,70,70,140,120
Chompy bird,6,10,5,5,3,0,0,0,0,0,0,0
Warrior woman,24,20,22,22,22,1,1,40,41,37,-10,38
Pestilent Bloat,312,,0,0,0,0,0,0,0,0,600,800
Zombie,40,38,36,35,33,1,1,20,20,0,0,10
Sea troll,101,80,90,90,90,1,1,0,0,0,0,0
Guard,19,22,15,15,18,1,1,5,5,5,-4,5
Zamorak warrior,84,45,85,70,90,1,1,0,0,0,0,0
Bandit,22,27,17,17,17,1,1,0,3,2,0,0
The Inadequacy (hard),600,255,1128,340,240,340,1,0,0,0,0,0
Pyrefiend,43,45,52,30,22,1,1,10,10,10,0,10
Spiritual warrior,134,131,116,120,100,1,1,12,14,13,5,13
Ravager,106,83,67,157,53,0,0,0,0,0,0,0
Locust rider,106,90,100,90,90,1,1,90,90,40,0,0
Rannveig,2,1,3,3,3,1,1,-12,-12,-12,-12,-12
JalTok-Jad,900,350,750,1020,480,1020,510,0,0,0,0,0
Pestilent Bloat,1044,,0,0,0,0,0,0,0,0,600,800
Ghast,79,45,22,22,18,1,1,0,0,0,0,0
Tok-Xil,135,60,120,180,90,180,90,0,0,0,0,0
Jungle horror,70,45,70,70,55,1,1,0,0,0,0,0
Valgerd,2,1,3,3,3,1,1,-12,-12,-12,-12,-12
Ankou,98,100,75,90,80,1,1,0,0,0,0,0
Husk,48,20,1,1,20,80,80,20,20,20,80,80
Ogre shaman,1,1,1,1,1,1,1,0,0,0,0,0
Nazastarool (hard),176,154,187,176,80,0,0,0,0,0,0,0
Skeletal Mystic,0,,0,0,0,1,0,155,155,115,140,115
Nylocas Vasilias,800,2500,400,350,50,350,50,0,0,0,0,0
Tekton (enraged),0,450,585,585,246,1,246,280,290,180,0,0
Khazard Ogre,63,60,54,53,53,1,1,0,0,0,0,0
Lava beast,0,65,0,0,0,0,0,0,0,0,0,0
Kamil (hard),273,255,380,160,135,1,1,35,60,35,0,0
Tree spirit,101,85,90,95,80,1,1,0,0,0,0,0
Shadow warrior,48,67,36,33,36,0,0,43,31,19,15,38
Fareed,167,130,190,120,135,1,1,100,100,100,0,0
Doomion,91,87,76,78,77,1,1,0,0,0,-10,0
Lesser demon,94,110,68,85,71,1,1,0,0,0,-10,0
Galvek,608,1200,632,268,188,246,160,80,140,140,280,86
Chronozon,170,60,173,172,173,1,1,0,0,0,0,0
Reanimated minotaur,0,10,12,10,10,1,1,-21,-21,-21,-21,-21
Basilisk Youngling,53,60,25,40,70,1,1,20,20,0,20,0
Forgotten Soul,20,50,8,8,12,1,10,0,0,0,0,0
Kraka,91,120,50,100,50,0,0,25,25,40,200,200
Hengel,2,7,1,1,1,1,1,-21,-21,-21,-21,-21
Irvig Senay,100,125,76,74,81,0,0,27,31,29,-1,29
Wolf,64,69,50,55,52,1,1,0,0,0,0,0
Crocodile,63,62,53,54,54,1,1,20,12,22,10,20
Vampyre Juvinate,54,85,40,40,30,1,1,0,0,0,0,0
Mountain troll,69,90,40,75,40,0,0,0,0,10,200,200
Desert Lizard,24,25,20,22,20,1,1,5,15,15,0,5
Culinaromancer,75,150,10,100,10,1,1,-10,-10,-10,-10,-10
Brutal green dragon,227,175,268,168,168,0,168,50,70,70,60,50
Agrith-Na-Na (hard),235,255,166,300,82,200,200,100,100,100,100,100
Queen spawn,63,45,60,62,50,1,1,0,0,0,0,0
River troll,14,,17,17,17,1,1,0,0,0,0,0
Skeleton Hellhound,214,110,210,250,150,1,1,101,103,10,180,266
Cave bug,6,5,6,5,6,1,1,10,10,5,5,10
Pyrefiend,48,48,60,36,22,1,1,10,10,10,0,10
Black Knight Titan (hard),210,255,182,200,91,1,1,18,27,18,1000,1000
Koschei the deathless,0,30,20,20,20,0,0,20,20,20,20,20
Palmer,37,50,27,31,25,1,1,0,0,0,0,0
Disciple of Iban,13,20,8,8,12,1,1,0,0,0,0,0
Ithoi the Navigator,35,55,1,1,30,1,30,0,0,0,0,0
Seagull,3,10,1,1,1,1,1,-42,-42,-42,-42,-42
Nylocas Ischyros,162,11,200,160,1,200,1,0,0,0,0,0
Mounted terrorbird gnome,49,55,40,40,40,1,1,16,16,18,15,10
Mercenary Captain,47,80,32,29,32,0,0,17,15,19,-3,19
Confusion beast,63,64,52,55,52,1,1,0,0,0,0,0
Arzinian Avatar of Magic,0,,0,0,0,0,0,0,0,0,0,0
Zulrah,725,500,1,1,300,300,300,0,0,0,0,300
Lizardman,62,60,53,53,52,1,1,-10,20,5,0,0
Skeleton,132,54,160,1,62,180,1,15,10,15,30,20
Bunny,2,5,1,1,1,1,1,-42,-42,-42,-42,-42
Fareed (hard),299,255,380,240,135,1,1,100,100,100,0,0
Thrantax the Mighty,92,80,80,80,80,1,1,0,0,0,0,0
Camp dweller,31,30,25,30,25,1,1,0,0,0,0,0
Duke,149,,0,0,0,0,0,0,0,0,0,0
Zombies Champion,51,60,38,42,42,1,1,0,0,0,0,0
Jal-AkRek-Ket,70,15,120,120,95,1,1,25,25,25,0,0
Bronze dragon,131,122,112,112,112,1,100,50,70,70,30,90
Stone Guardian,124,62,1,1,138,1,128,40,40,35,35,0
Crystalline Unicorn,48,44,50,48,24,0,24,0,0,0,0,0
Scarabs,92,25,255,2,10,1,1,15,15,15,15,15
Warrior,48,50,40,40,40,1,1,50,50,50,50,50
Unicorn Foal,12,15,10,10,10,1,1,0,0,0,0,0
Great Olm (Left claw),750,600,375,375,262,375,262,50,50,50,50,50
Tekton,0,450,585,585,246,1,246,155,165,105,0,0
Greater Nechryael,200,205,197,197,85,1,1,50,50,50,0,50
Wyrm,99,130,85,60,80,80,80,20,50,50,50,20
Scorpia,225,200,250,150,180,1,1,246,284,284,44,284
Tower Archer,64,90,10,10,10,80,1,0,0,0,34,66
Vampyre Juvinate,119,60,50,37,30,1,1,0,0,0,0,0
Slagilith (hard),202,150,150,300,75,1,1,50,50,5,5,50
Spiritual ranger,127,89,1,1,130,150,1,17,16,8,35,41
Yeti,58,,0,0,0,0,0,0,0,0,0,0
Monkey,3,6,2,3,2,1,1,0,0,0,0,0
Turoth,89,81,58,88,88,1,1,0,20,20,0,0
Zombie,47,42,42,39,42,1,1,20,20,0,0,10
Fear reaper,55,57,45,48,45,1,1,0,0,0,0,0
Dark wizard,22,25,20,10,15,1,25,0,0,0,5,0
TzHaar-Xil,133,120,140,100,100,120,40,0,0,0,0,0
Basilisk Knight,204,300,186,186,186,1,186,30,30,0,30,0
Hobgoblin,28,29,22,24,24,1,1,0,0,0,0,0
Portal,0,,0,0,0,0,0,0,0,0,0,0
Ice troll,120,100,100,100,120,1,1,30,60,30,0,0
Green dragon,88,100,68,75,68,1,75,20,40,40,30,20
Tree spirit,14,25,8,8,8,1,1,0,0,0,0,0
Guard,45,60,32,32,39,0,0,17,15,19,-3,19
Reanimated bloodveld,0,35,75,45,30,1,1,0,0,0,0,0
Kolodion,0,65,0,0,0,0,0,0,0,0,0,0
Otherworldly being,64,66,56,56,46,1,1,15,10,20,-5,15
Gangster,50,50,50,40,40,1,1,0,0,10,0,0
Growthling,37,10,40,38,40,1,1,0,0,0,0,0
Zombie,56,50,50,50,47,1,1,20,20,0,0,10
Torcher,49,30,0,0,41,0,66,0,0,0,0,0
Skeleton fremennik,40,25,53,30,30,1,1,14,18,15,-4,15
Nail beast,141,75,320,26,40,1,1,0,0,0,0,0
Acidic Bloodveld,56,5,80,46,2,1,1,-100,-100,-100,-100,-100
Nylocas Hagios,46,11,200,160,1,200,1,0,0,0,0,0
Jungle savage,90,90,76,76,76,0,0,0,0,0,0,0
Hoop Snake,19,25,15,10,20,1,1,0,0,0,0,0
Gnome guard,23,31,17,17,17,1,1,0,0,0,0,0
Screaming twisted banshee,144,220,103,110,80,1,1,25,25,25,0,25
Zombie,76,71,69,65,62,1,1,20,20,0,0,10
Reanimated kalphite,0,35,110,110,110,1,1,25,25,5,50,50
Vyrewatch,87,75,80,75,75,1,75,0,0,0,0,0
Rune dragon,380,330,284,284,276,246,196,30,115,90,30,95
Taloned Wyvern,147,200,120,110,90,90,90,70,70,70,140,120
Lucien,14,17,12,11,10,1,1,6,8,7,-1,4
Killerwatt,55,51,50,50,40,67,67,10,10,10,20,20
Barrelchest (hard),380,255,306,261,140,1,162,0,0,0,0,0
Commander Zilyana,596,255,280,196,300,250,300,100,100,100,100,100
Vanguard,0,280,225,225,240,225,225,315,340,400,110,50
Water wizard,13,25,5,5,10,0,10,0,0,0,15,0
Verzik Vitur,459,2000,400,400,20,400,400,20,20,20,20,20
Druid,33,30,28,28,32,1,25,0,0,0,0,0
Zombie,53,50,55,40,48,1,1,19,18,0,20,21
Revenant pyrefiend,52,48,60,40,33,40,67,45,40,50,15,10
Scorpion,38,15,50,50,10,1,10,0,0,0,0,0
Black Guard,48,40,40,45,45,1,1,40,40,40,0,40
Essyllt,236,320,268,268,104,342,104,40,40,20,30,120
Rock,111,140,70,110,70,0,0,35,60,35,200,200
Ice Troll,124,80,140,120,80,1,1,30,60,30,0,0
Zamorak ranger,81,50,75,75,80,80,1,0,0,0,0,0
Goblin,13,13,11,6,20,1,1,0,0,0,0,0
Vorkath,732,750,560,308,214,308,150,26,108,108,240,26
Sir Gawain,122,110,110,105,100,1,1,65,90,300,0,0
Man,4,13,2,1,1,1,1,1,1,1,0,0
Monkey Zombie,129,90,150,110,90,1,90,0,0,0,0,0
Sir Jerro,62,57,54,54,54,1,1,87,84,76,-10,79
Stick,104,135,60,110,60,0,0,30,30,50,200,200
Tower Archer,49,70,10,10,10,60,1,0,0,0,20,45
Xamphur,239,450,0,0,100,0,140,180,180,180,260,30
Fragment of Seren,494,1000,242,288,102,235,102,320,220,320,10,480
Crystalline Wolf,74,52,106,66,22,0,22,0,0,0,0,0
Penance Ranger,32,29,0,0,33,34,0,0,0,0,0,0
Gorak,149,128,133,126,135,1,1,0,0,0,0,0
Guard,1337,22,19,18,14,1,1,18,25,19,-4,20
Animated spade,50,40,40,55,40,1,1,15,10,5,5,10
Gnome Mage,5,10,3,1,1,5,1,-30,-30,-30,-30,-30
Zombie,67,63,56,58,60,1,1,20,20,0,0,10
Dagannoth Supreme,303,255,255,255,128,255,255,10,10,10,255,550
Spiritual warrior,115,100,100,100,100,1,1,0,0,0,0,0
White Knight,38,52,30,29,25,1,1,83,76,70,-11,74
Reanimated giant,0,35,18,22,26,1,1,0,0,0,0,0
Sleepwalker,3,10,1,1,0,0,0,-100,-100,-100,-100,-100
Shifter,90,68,100,75,68,0,50,0,0,0,0,0
Sourhog,37,40,35,30,25,35,25,0,30,10,30,0
Ram,2,8,1,1,1,1,1,-21,-21,-21,-21,-21
Black Guard,25,30,20,20,20,1,1,3,4,4,2,3
Great Olm,1043,800,375,375,225,375,375,200,200,200,200,50
Paladin,121,82,54,126,64,1,1,87,84,76,-10,79
Rock lobster,127,150,100,100,100,1,1,100,100,50,50,150
Riyl Shadow,80,76,88,55,60,0,0,0,0,0,0,0
Spidine,42,35,37,40,36,1,1,0,0,0,0,0
Greater demon,101,120,90,90,50,1,1,0,0,0,-10,0
Eduard,24,60,10,10,10,1,1,-21,-21,-21,-21,-21
Ice warrior,57,59,47,47,47,1,1,30,40,20,10,30
Bandit,130,155,57,57,57,1,1,0,23,22,0,0
The Maiden of Sugadinti,940,3500,350,350,200,350,350,0,0,0,0,0
Het,81,75,80,83,40,1,1,0,0,0,0,0
Lynx,24,30,20,18,20,1,1,0,0,0,0,0
Entrana firebird,2,5,1,1,1,1,1,-26,-26,-26,-26,-26
Zombie,100,102,86,83,81,1,1,20,20,0,0,10
Soldier,21,22,19,18,14,1,1,24,14,19,4,16
Skeleton Hellhound,97,55,70,110,100,1,1,0,0,0,0,0
Brawler,129,143,67,132,118,0,0,0,0,0,0,0
Giant rockslug,86,77,72,77,77,1,1,0,0,0,0,0
Head Guard,84,86,75,73,61,1,1,16,16,18,-12,27
Skeleton,42,42,36,38,30,1,1,50,40,0,0,40
Undead Lumberjack,70,12,0,0,0,1,1,0,0,0,0,0
Kalrag,89,78,78,78,78,1,1,20,17,12,13,13
Hellhound,127,116,107,116,106,1,1,0,0,0,0,0
Market Guard,20,22,17,18,13,1,1,24,14,19,4,16
Verac the Defiled,115,100,100,100,100,1,1,227,230,221,0,225
Reanimated goblin,0,5,1,1,1,1,1,-15,-15,-15,-15,-15
Dagannoth,100,120,78,78,81,50,1,0,0,0,0,0
Judge of Yama,168,260,186,112,84,0,84,40,40,40,600,600
Woman,4,13,2,1,1,1,1,1,1,1,0,0
Iorwerth Archer,90,105,10,10,80,90,1,50,50,50,60,70
Sir Tristram,115,105,99,99,99,1,1,0,0,225,0,0
Giant skeleton,80,70,70,70,70,1,1,0,0,0,0,0
Dwarf,10,16,8,8,6,1,1,0,0,0,5,0
The Kendal (hard),210,150,195,195,60,0,0,10,10,10,-10,20
Battle mage,54,120,1,1,1,1,50,0,0,0,0,0
Zalcano,336,300,1,1,1,1,1,0,0,0,0,0
Witch's experiment (hard),47,63,54,30,19,1,1,0,0,0,0,0
Grizzly bear,42,35,40,36,35,1,1,0,0,0,0,0
Monkey Zombie,98,60,150,60,60,1,60,0,0,0,0,0
Georgy,24,60,10,10,10,1,1,-21,-21,-21,-21,-21
Mithril dragon,304,254,268,268,268,168,168,50,100,70,30,90
Halla,1,1,1,1,1,1,1,0,0,0,0,0
Cave goblin guard,26,26,25,18,25,1,1,1,16,19,-3,12
Poison spider,64,64,50,58,52,1,1,20,17,10,14,14
Monk,5,15,2,2,3,1,1,0,0,0,0,0
Spiritual warrior,125,110,110,106,110,1,1,12,14,13,5,13
Skeleton,63,58,56,61,45,1,1,50,40,0,0,40
Enormous Tentacle,112,120,1,1,1,150,1,0,0,0,-15,270
Blood spawn,55,120,1,1,0,1,0,0,0,0,0,0
Arzinian Avatar of Magic,75,70,10,50,75,0,75,40,40,40,15,10
Reanimated elf,0,35,95,95,80,1,1,5,20,40,60,50
Tower Archer,19,30,10,10,10,20,1,0,0,0,6,12
Soulless,18,24,13,13,18,1,1,0,0,0,0,0
Red dragon,152,140,130,130,130,1,1,50,70,70,60,50
Tough Guy,75,75,85,50,50,0,80,9,8,10,0,0
Vet'ion Reborn,454,255,430,430,395,1,300,201,200,-10,250,270
Tortured soul,59,51,52,62,38,1,1,0,0,0,0,0
Wolf,79,10,10,10,10,1,1,0,0,0,0,0
Ammonite Crab,25,100,1,1,1,1,1,0,0,0,0,0
Afflicted,30,24,24,24,34,1,1,0,0,0,0,0
Ogre shaman,113,1,1,1,1,1,1,0,0,0,0,0
Verzik Vitur,416,2000,400,400,20,400,400,20,20,20,20,20
Zoja,24,60,10,10,10,1,1,-21,-21,-21,-21,-21
Cerberus,318,600,220,220,100,220,220,50,100,25,100,100
Hygd,4,10,3,2,3,1,1,-12,-12,-12,-12,-12
Chronozon (hard),297,120,346,344,173,1,1,0,0,0,0,0
Enraged barbarian spirit,166,190,150,140,100,1,1,0,3,2,-3,2
Penance Fighter,30,28,26,26,25,0,0,0,0,0,0,0
Mummy,96,1,255,2,50,1,1,100,100,100,0,0
Aviansie,94,75,1,1,115,96,1,0,0,0,0,0
Foreman,23,20,20,20,20,0,0,0,1,1,0,0
Jogre Champion,107,120,86,86,86,1,1,0,0,0,0,0
Skeleton,77,51,72,72,72,1,1,5,5,-5,0,5
Molanisk,51,52,40,40,50,1,0,45,45,35,30,55
H.A.M. Guard,18,20,14,18,12,1,1,6,6,0,0,6
Undead Druid,105,140,60,50,60,0,115,40,30,80,140,40
Scavenger beast,0,30,120,120,45,1,1,0,0,0,0,0
Ghost,19,25,13,13,18,1,1,5,5,5,-5,5
Bat,6,8,5,5,5,1,1,2,2,5,2,0
Angry bear,47,50,38,41,38,1,1,0,0,0,0,0
Ranis Drakan,233,400,120,120,120,1,120,60,60,60,60,60
Verzik Vitur,1520,2000,400,400,20,400,400,20,20,20,20,20
Rat,1,2,1,1,1,1,1,-42,-42,-42,-42,-42
Xarpus,1160,4300,1,1,100,50,80,0,0,0,0,100
Vampyre Juvenile,54,60,40,30,30,1,1,0,0,0,0,0
Giant snail,139,160,30,30,86,160,30,0,0,0,0,0
Gelatinnoth Mother (hard),201,240,186,186,81,120,1,150,150,150,50,50
Mammoth,80,130,55,60,50,1,1,0,0,0,0,0
Soldier (tier 4),70,65,60,60,60,1,1,1,1,0,0,0
Hero,69,82,54,55,54,1,1,87,84,76,-10,79
Goblin,16,22,13,11,14,1,1,0,0,0,0,0
Abyssal Sire,350,400,180,136,250,1,200,40,60,50,20,60
Vitreous Jelly,206,190,170,150,220,1,150,0,0,0,0,0
Zombie,39,50,30,30,30,1,1,0,0,0,0,0
Baby green dragon,48,50,40,40,40,1,1,30,50,50,40,30
Crawling Hand,12,19,11,7,9,1,1,0,0,0,0,0
Black unicorn Foal,22,25,18,18,18,1,1,0,0,0,0,0
Fire giant,86,111,65,65,65,1,1,0,3,2,0,0
Zombie,13,22,8,9,10,1,1,0,0,0,0,0
Imp Champion,14,40,5,5,5,5,1,0,0,0,0,0
Spiritual ranger,122,106,1,1,100,146,1,3,5,13,16,23
Broodoo victim,60,100,0,0,26,1,60,20,20,20,0,0
Aviansie,97,79,1,1,115,101,1,0,0,0,0,0
Soldier (tier 3),58,55,50,50,50,1,1,0,0,0,0,-1
Guard dog,44,49,35,36,37,1,1,0,0,0,0,0
Gangster,45,40,40,30,50,1,1,0,0,10,0,0
Vyrewatch,125,110,120,116,85,120,120,0,0,0,0,0
Vulture,31,10,40,40,10,1,1,0,0,0,0,0
Tortured gorilla,142,110,180,90,110,1,110,0,0,0,0,0
Nylocas Ischyros,46,11,200,160,1,200,1,0,0,0,0,0
Dessourt,121,130,99,99,99,1,1,10,150,150,0,0
Knight of Ardougne,46,52,38,40,31,1,1,39,40,36,-11,36
Kebbit,13,50,1,1,1,1,1,0,0,0,0,0
Gnome Archer,5,10,1,1,1,6,1,-30,-30,-30,-30,-30
Mother,198,235,150,150,170,105,60,0,0,0,200,0
Golem,55,14,0,0,0,0,0,0,0,0,0,0
Fox,19,30,1,20,20,1,1,30,30,30,30,30
Ice Queen,111,104,95,94,95,1,1,30,40,20,10,30
Monk of Zamorak,45,40,38,38,42,1,40,0,0,0,0,0
Lesser demon,94,98,80,70,85,1,1,0,0,0,-10,0
Witch's experiment (third form),42,41,38,30,39,1,1,0,0,0,0,0
Nylocas Ischyros,82,11,200,160,1,200,1,0,0,0,0,0
The Nightmare,814,2400,150,150,150,150,150,120,180,40,600,600
Penance Ranger,21,20,0,0,21,23,0,0,0,0,0,0
Apmeken,75,70,30,40,60,1,85,65,65,65,50,0
Rockslug,29,27,22,27,27,1,1,0,0,0,0,0
Jal-Nib,32,10,1,1,15,1,15,-20,-20,-20,-20,-20
Guard,22,30,16,20,12,1,1,7,7,0,0,7
Zombified Spawn,64,38,82,82,6,1,1,3,3,3,-100,3
Dire Wolf,88,85,75,75,75,1,1,0,0,0,0,0
Animated steel armour,53,50,50,50,2,2,2,50,25,25,400,400
Minotaur,19,10,12,10,10,1,1,-21,-21,-21,-21,-21
Verzik Vitur,1040,2000,400,400,20,400,400,20,20,20,20,20
Lizardman brute,75,60,65,65,65,1,1,-10,30,10,0,0
Dark energy core,75,25,1,1,20,1,1,10,10,10,-5,10
Justiciar Zachariah,348,320,500,250,100,1,180,200,200,200,-60,200
Woman,4,13,2,1,1,1,1,0,0,0,0,0
Kalphite Worker,28,40,20,20,20,1,1,5,5,1,10,10
Khazard commander,48,22,50,45,50,1,1,0,0,0,0,0
Black demon (hard),292,255,290,296,152,1,1,0,0,0,-10,0
Man,2,7,1,1,1,1,1,0,0,0,0,0
Monkey Archer,86,50,80,80,80,110,1,0,0,0,0,0
Goblin guard,42,43,32,37,37,1,1,4,6,6,0,0
Tok-Xil,90,40,80,120,60,120,60,0,0,0,0,0
Padulah,149,130,130,130,130,1,130,0,0,0,0,0
Greater demon,100,115,90,70,80,1,1,0,0,0,-10,0
Imp,7,10,5,5,6,1,1,-42,-42,-42,-42,-42
Woman,12,13,10,10,10,1,1,0,0,0,0,0
Albino bat,52,33,57,57,30,1,1,0,0,0,0,0
Lanzig,48,50,40,40,40,1,1,0,0,0,0,0
Angry goblin,45,50,0,0,0,0,0,0,0,0,0,0
Ksenia,24,60,10,10,10,1,1,-21,-21,-21,-21,-21
Phrin Shade,60,56,64,47,42,0,0,0,0,0,0,0
Zamorak wizard,65,76,24,24,24,1,80,0,0,0,3,0
Mosquito swarm,20,15,15,1,45,1,1,2,2,5,2,0
Tarik,21,22,19,18,14,1,1,18,25,19,-4,20
Giant rat,3,5,2,3,2,1,1,0,0,0,0,0
Monk of Zamorak,30,25,25,25,25,1,40,0,0,0,0,0
Breoca,5,10,3,3,3,1,1,-12,-12,-12,-12,-12
Colonel Radick,38,65,25,25,25,1,1,39,31,34,0,0
Dwarf gang member,44,40,40,40,35,1,1,7,7,0,0,7
Glod (hard),276,255,230,240,110,1,1,105,110,130,125,100
Sand Crab,15,60,1,1,1,1,1,0,0,0,0,0
Penance Ranger,38,34,0,0,42,40,0,0,0,0,0,0
Rooster,3,7,2,2,1,1,1,-42,-42,-42,-42,-42
Imre,24,60,10,10,10,1,1,-21,-21,-21,-21,-21
Wolf,14,15,10,15,10,1,1,0,0,0,0,0
Chaos dwarf,48,61,38,42,28,1,1,40,34,25,10,35
Count Draynor (hard),177,210,198,165,30,1,1,2,1,3,0,0
Maniacal monkey,140,65,200,175,10,1,1,0,0,0,0,0
Snakeling,90,1,140,138,1,1,1,-40,-40,-40,-40,-40
Dharok the Wretched,115,100,100,100,100,1,1,252,250,244,-11,249
Skeleton thug,132,124,115,114,110,1,1,0,3,2,-3,2
Undead Lumberjack,40,12,101,6,12,1,1,0,0,0,0,0
Arzinian Avatar of Ranging,0,,0,0,0,0,0,0,0,0,0,0
Eadburg,4,10,3,2,3,1,1,-12,-12,-12,-12,-12
Undead cow,2,8,1,1,1,1,1,-21,-21,-21,-21,-21
Zombie,81,76,69,70,71,1,1,20,20,0,0,10
Crystalline Bear,172,100,98,98,98,98,98,0,0,0,0,0
Baby red dragon,65,65,55,55,55,1,1,30,50,50,40,30
Kolodion,112,107,85,98,105,1,80,0,0,0,0,0
White Knight,42,55,32,35,27,1,1,83,76,70,-11,85
Tentacle,99,75,115,76,75,115,50,0,0,0,0,0
Gnome,3,3,1,1,1,5,1,-42,-42,-42,-42,-42
Guthan the Infested,115,100,100,100,100,1,1,259,257,241,-11,250
Cave slime,23,25,13,13,35,1,13,0,0,0,0,0
Shadow,73,15,90,120,5,1,90,30,30,30,30,30
Scorpia's guardian,47,70,1,1,60,30,30,0,0,0,0,0
Cave goblin,3,10,1,1,1,1,1,0,0,0,0,0
Gadderanks,35,20,20,20,70,1,1,10,10,10,10,10
Scorpion,37,37,31,32,31,1,1,35,15,15,30,35
King Black Dragon,276,240,240,240,240,1,240,70,90,90,80,70
Glough,431,575,260,270,248,262,250,0,0,0,0,0
Crushing hand,45,55,45,42,14,1,1,0,0,0,0,0
Corrupted Spider,32,12,48,39,4,0,4,0,0,0,0,0
Undead Lumberjack,45,13,105,16,13,1,1,0,0,0,0,0
Forgotten Soul,46,50,50,40,20,1,20,10,10,10,10,10
Chaos druid,13,20,8,8,12,1,10,0,0,0,0,0
Vyrewatch,110,90,110,96,85,110,110,0,0,0,0,0
Ancient Wizard,98,80,50,30,20,150,80,0,0,0,0,0
Ice Troll,120,100,100,100,120,1,1,30,60,30,0,0
Damis (hard),272,255,320,200,160,1,1,100,100,100,80,120
Crazy archaeologist,204,225,160,90,240,180,1,5,5,30,250,250
Blessed giant rat,9,30,5,1,1,1,1,-24,-24,-24,-24,-24
Reanimated demon spawn,87,85,80,70,71,1,1,0,0,0,-10,0
Brutal red dragon,289,285,310,210,198,0,250,50,70,70,60,50
Phosani's Nightmare,1024,3200,150,150,150,150,150,120,180,40,600,600
Frog,5,8,5,4,3,1,1,0,0,0,0,0
Blood Blamish Snail,20,10,0,0,30,21,1,5,5,30,5,50
Ice Troll King,122,150,100,100,80,1,1,45,45,45,2000,2000
Tolna,46,37,42,41,40,1,1,0,0,0,50,50
Cuffs,3,7,1,1,3,1,1,5,5,5,5,5
Tar Monster,132,200,120,80,70,100,1,0,0,0,0,0
Yrsa,1,,0,0,0,0,0,0,0,0,0,0
King Sand Crab,107,200,50,50,100,1,1,0,0,0,0,0
Soldier (tier 5),99,90,85,85,86,1,1,0,0,0,0,0
Guard,108,105,95,95,80,0,1,50,70,70,60,50
Sergeant Grimspike,142,146,80,80,132,150,50,0,0,0,0,0
Ice troll grunt,100,80,100,100,60,1,1,30,60,30,0,0
Tortured gorilla,141,210,105,95,95,95,95,0,0,0,25,0
Dust devil,93,105,105,70,40,1,1,0,0,0,0,0
Catablepon,64,70,55,50,50,1,45,50,40,30,30,50
Freidir,48,50,40,40,40,1,1,0,0,0,0,0
Stone Guardian,124,62,1,1,138,128,118,10,10,0,55,25
Witch's experiment (second form),30,31,28,20,29,1,1,0,0,0,0,0
Giant Roc (hard),257,255,260,260,100,260,1,0,0,0,150,0
Don't Know What,163,220,120,90,160,115,60,0,0,0,200,0
Ice spider,61,65,50,55,43,1,1,20,17,12,13,13
Skeleton,132,54,160,1,62,1,180,35,30,35,20,10
Choke devil,264,300,260,230,120,1,1,0,0,0,0,0
Revenant hobgoblin,60,72,50,50,41,60,55,65,60,68,30,50
Dark Ankou,95,60,100,70,100,1,1,0,0,0,0,0
Trapped Soul,30,30,25,29,20,1,1,0,0,0,0,0
The Maiden of Sugadinti,940,1750,350,350,200,350,350,0,0,0,0,0
Solus Dellagar,0,40,0,0,0,0,0,0,0,0,0,0
Hespori,302,360,1,1,120,150,126,60,20,60,80,80
Husk,104,20,1,1,20,0,80,20,20,20,80,80
King Roald,47,75,35,30,30,1,1,0,0,0,0,0
Giant crypt spider,79,80,65,67,65,1,1,20,20,10,17,20
Zombie,50,48,44,42,44,1,1,20,20,0,0,10
Vanstrom Klause,451,155,150,136,150,150,150,0,0,0,0,0
Skeleton hero,149,124,145,134,110,1,1,0,3,2,-3,2
Nail beast,98,65,215,16,30,1,1,0,0,0,0,0
Jail guard,26,32,19,23,21,1,1,8,9,10,4,9
Brawler,158,173,87,157,143,0,0,0,0,0,0,0
Aberrant spectre,96,90,1,1,90,1,105,20,20,20,0,15
Me,79,45,75,78,74,1,1,0,0,0,0,0
Nazastarool,68,70,58,54,58,0,0,5,5,5,5,5
Guard,24,26,22,16,22,1,1,0,15,19,-3,12
H.A.M. Guard,12,15,8,12,8,1,1,5,5,0,0,5
Skeleton,77,80,72,60,60,1,1,50,40,0,0,40
Skeleton Mage,83,80,10,10,60,1,100,0,0,0,15,0
The Untouchable (hard),440,180,374,510,434,1,1,0,0,0,0,0
Fever spider,49,40,60,30,40,1,1,20,15,10,15,15
Grizzly bear cub,36,35,32,32,28,1,1,0,0,0,0,0
Wolf,25,10,10,10,10,1,1,0,0,0,0,0
Monstrous Basilisk,135,170,88,98,130,1,1,35,35,0,35,0
Giant scarab,191,130,169,190,169,190,1,70,99,99,159,149
Nail beast,141,55,150,6,2,1,1,0,0,0,0,0
Shadow Wyrm,267,320,300,180,125,125,160,20,100,100,50,20
Death spawn,46,60,67,7,30,1,1,20,20,20,0,20
Golem,64,14,0,0,0,0,0,0,0,0,0,0
Giant rat,6,10,6,5,2,1,1,0,0,0,0,0
Warped Jelly,112,140,95,90,70,1,95,0,0,0,0,0
Long-tailed Wyvern,152,200,125,120,90,90,90,70,70,70,140,120
Ceolburg,4,10,3,2,3,1,1,-12,-12,-12,-12,-12
Zogre,44,71,20,36,35,1,1,0,0,0,0,0
Giant snail,109,150,30,30,75,110,30,0,0,0,0,0
Corporeal Beast,785,2000,320,320,310,150,350,25,200,100,150,230
Carnivorous chinchompa,2,1,2,2,2,2,2,0,0,0,0,0
Zombie,42,40,39,35,35,1,1,20,20,0,0,10
Viyeldi,79,80,62,66,70,0,0,0,0,0,0,0
Ghast,139,45,22,22,18,1,1,0,0,0,0,0
The Maiden of Sugadinti,1128,2500,140,140,80,140,140,0,0,0,0,0
Spiritual mage,121,106,1,1,103,1,142,12,14,13,35,13
Ice Troll,123,80,120,120,100,1,1,30,60,30,0,0
Plague frog,11,10,18,10,1,1,1,0,0,0,0,0
Sulphur Lizard,50,50,50,45,30,1,1,15,25,25,0,15
Agrith Naar (hard),196,209,182,198,82,220,220,0,0,0,0,0
Dwarf,11,18,8,8,8,1,1,0,0,0,5,10
Radat,21,22,19,18,14,1,1,18,25,19,-4,20
Lev,24,60,10,10,10,1,1,-21,-21,-21,-21,-21
Shifter,38,23,47,37,23,0,27,0,0,0,0,0
Broddi,2,1,3,3,3,1,1,-12,-12,-12,-12,-12
Seagull,2,6,1,1,1,1,1,-42,-42,-42,-42,-42
Black golem,75,80,80,30,80,1,1,300,300,1,300,300
White golem,75,80,80,30,80,1,1,1,300,300,300,300
Thief,16,17,14,13,12,1,1,0,0,0,0,0
Vampyre Juvinate,90,100,113,46,55,50,50,0,0,0,0,0
Witch's experiment (fourth form) (hard),103,113,105,88,49,1,1,0,0,0,0,0
Drake,192,250,140,118,120,140,112,60,60,60,20,100
Mourner,24,19,8,8,8,1,1,6,6,9,0,0
Jal-MejJak,250,75,1,1,100,1,1,0,0,0,0,0
Mourner,13,19,8,8,8,1,1,6,6,9,0,0
Mourner,11,19,8,8,8,1,1,6,6,9,0,0
Arzinian Avatar of Strength,125,100,110,100,95,0,0,20,20,20,15,80
Tree spirit (hard),199,187,200,209,80,1,1,0,0,0,0,0
Mouse,95,70,95,80,86,1,1,30,55,65,50,60
Giant Mole,230,200,200,200,200,1,200,60,80,100,80,60
Penance Queen,209,250,260,92,132,116,1,0,0,0,0,0
Ket-Zek,360,160,320,480,240,480,240,0,0,0,0,0
Aviansie,148,139,1,1,160,151,1,0,0,0,0,0
Corrupted Scorpion,89,38,72,159,18,0,18,0,0,0,0,0
Hill Giant,28,35,18,22,26,1,1,0,0,0,0,0
Scorpia's offspring,15,2,1,1,1,30,1,0,0,0,-40,0
Giant Rock Crab,137,180,50,80,200,1,1,225,200,175,-10,250
Dwarf gang member,49,25,30,60,57,1,1,7,7,0,0,7
Wilson,37,50,27,31,25,1,1,0,0,0,0,0
Yt-HurKot,141,90,165,125,100,150,150,0,0,0,130,130
Parasite,91,55,1,1,40,60,60,50,70,10,100,100
Oomlie bird,46,40,40,40,40,1,1,0,0,0,0,0
Zombie,90,81,82,80,72,1,1,20,20,0,0,10
Kree'arra,580,255,300,200,260,380,200,180,180,180,200,200
The Kendal,70,50,65,65,60,0,0,10,10,10,-10,20
Feral Vampyre,72,50,65,70,65,1,50,0,0,0,0,0
Crystalline Scorpion,64,38,48,106,18,0,18,0,0,0,0,0
Jungle Wolf,64,69,50,55,52,1,1,0,0,0,0,0
Knight of Ardougne,27,40,16,18,14,1,1,5,25,25,15,5
Spider,123,100,120,120,80,1,80,60,60,20,20,180
Spawn,60,15,120,30,30,50,1,0,0,0,-10,0
Wall beast,49,105,30,30,16,1,1,0,0,0,0,0
Leon d'Cour,141,123,123,123,123,1,1,0,0,0,0,0
Swamp snake,139,130,90,170,90,30,30,0,0,0,0,0
Animated Mithril Armour,92,80,80,80,80,1,1,50,25,19,400,400
Zombie,85,75,71,81,70,1,1,20,20,0,0,10
Mountain troll,71,90,40,90,25,0,0,0,0,10,200,200
Snakeling,90,1,1,1,1,1,185,-40,-40,-40,-40,-40
Asyn Shade,100,90,102,84,70,0,0,0,0,0,0,0
Skeleton,22,29,15,18,17,1,1,5,5,-5,0,5
Muttadile,0,,0,0,0,0,0,-5,0,0,0,0
River troll,79,85,65,65,65,1,1,0,0,0,0,0
Myre Blamish Snail,9,8,0,0,22,5,1,5,5,30,5,50
Cow,2,8,1,1,1,1,1,-21,-21,-21,-21,-21
Gnome Driver,5,10,3,5,3,1,1,-30,-30,-30,-30,-30
Penda,5,10,3,3,3,1,1,-12,-12,-12,-12,-12
Tz-Kek,45,20,40,60,30,60,30,0,0,0,0,0
Wormbrain,2,5,1,1,1,1,1,0,0,0,0,0
Outlaw,32,20,35,30,25,1,1,0,0,0,0,0
Shadow spider,52,55,44,42,44,1,1,20,15,10,15,15
Greater abyssal demon,342,400,300,260,240,1,1,50,50,50,0,50
Tz-Kek,22,10,20,30,15,30,15,0,0,0,0,0
Agrith Naar,100,95,83,90,82,100,100,0,0,0,0,0
Skeleton,21,24,17,17,17,1,1,5,5,-5,0,5
Big Snake,84,120,60,60,60,1,1,0,0,0,0,0
Pestilent Bloat,870,,0,0,0,0,0,0,0,0,600,800
Smoke devil,160,185,140,130,275,195,1,0,0,0,600,44
Salarin the twisted,70,70,58,58,62,1,1,0,0,0,0,0
Black Knight Titan,120,142,91,100,91,1,1,18,27,18,1000,1000
Locust rider,68,90,105,90,50,90,1,50,90,50,34,66
Arrg,113,140,70,140,40,70,0,35,60,35,200,200
Witch's experiment (third form) (hard),90,103,95,75,39,1,1,0,0,0,0,0
Servant,5,10,3,3,3,1,1,-12,-12,-12,-12,-12
Skeleton,22,29,15,18,17,1,1,9,11,-2,1,4
Ranalph Devere,92,130,66,67,66,0,0,38,40,36,0,38
Grizzly bear cub,33,35,30,26,25,1,1,0,0,0,0,0
Rogue,135,125,140,140,150,1,1,0,0,0,0,0
Temple Spider,75,70,120,50,10,1,1,20,30,10,25,20
Culinaromancer (hard),209,255,40,400,10,1,1,-10,-10,-10,-10,-10
Svetlana,24,60,10,10,10,1,1,-21,-21,-21,-21,-21
Tekton (enraged),0,300,390,390,205,1,205,280,290,180,0,0
Bree,146,162,110,80,130,150,80,12,14,14,18,5
Skeleton,81,71,72,64,80,1,1,50,40,0,0,40
Parasite,129,80,1,1,60,60,60,60,80,20,120,120
Gnome guard,1337,31,17,17,17,1,1,0,0,0,0,0
Trapped Soul (hard),101,100,100,120,20,1,1,0,0,0,0,0
Lizardman,53,60,43,43,43,43,1,-10,25,0,0,0
Snake,24,36,15,25,10,1,10,0,0,0,0,0
Vorkath,392,460,560,268,164,268,148,66,126,126,204,80
Skeleton,25,17,24,24,24,1,1,9,11,-2,1,4
Defiler,33,27,0,0,17,46,0,0,0,0,0,0
The Maiden of Sugadinti,940,1050,350,350,200,350,350,0,0,0,0,0
Baby black dragon,83,80,70,70,70,1,1,30,50,50,40,30
Lizardman shaman,0,,0,0,0,0,0,102,160,150,160,0
Scorpion,59,55,50,52,50,1,1,5,15,15,0,55
Arianwyn,212,300,0,0,102,368,102,80,80,80,260,180
Penance Fighter,42,37,36,38,37,0,0,0,0,0,0,0
Zamorak warrior,85,45,90,70,90,1,1,0,0,0,0,0
Bruise Blamish Snail,20,12,0,0,40,15,1,5,5,30,5,50
Ahrim the Blighted,98,100,1,1,100,1,100,103,85,117,73,0
Aviansie,69,70,1,1,70,71,1,0,0,0,0,0
Abyssal Sire,350,400,180,136,250,1,200,20,30,25,-40,30
Icelord,51,60,40,40,40,1,1,0,0,0,0,0
Black demon,178,160,145,148,175,1,1,0,0,0,-5,0
Ravager,36,23,27,57,13,0,0,0,0,0,0,0
Ice wolf,96,70,100,90,70,1,1,0,0,0,0,0
Spinner,36,33,17,17,43,0,37,0,0,0,0,0
Cyclops,56,75,47,50,26,1,1,0,0,0,0,0
Farmer,7,12,3,4,8,1,1,0,0,0,0,0
Feral Vampyre,130,185,120,116,30,0,0,0,0,0,0,0
Shaeded Beast,186,210,50,80,50,1,250,50,30,100,150,50
Oipuis,149,,0,0,0,0,0,0,0,0,0,0
Aviansie,83,86,1,1,100,76,1,0,0,0,0,0
Penance Fighter,32,29,28,29,27,0,0,0,0,0,0,0
K'ril Tsutsaroth,650,255,340,300,270,1,200,80,80,80,130,80
Awakened Altar,0,100,0,0,0,0,0,0,0,0,0,0
Guard,21,22,19,18,14,1,1,24,30,25,-9,25
Rock Golem,79,86,0,0,0,0,0,0,0,0,0,0
Phrin Shadow,60,56,64,47,42,0,0,0,0,0,0,0
Zamorak mage,84,50,78,81,82,1,85,0,0,0,0,0
Jake,37,50,27,31,25,1,1,0,0,0,0,0
Damis (hard),200,198,198,198,90,1,1,60,60,60,60,60
Sir Pelleas,112,99,95,99,98,1,1,200,-5,5,0,0
Clivet,13,25,10,10,4,1,1,5,6,8,0,0
Gnome guard,1337,800,800,400,300,1,1,8,9,7,0,8
Jal-ImKot,240,75,210,290,120,220,120,65,65,65,30,50
Revenant demon,98,80,83,76,80,80,120,124,118,130,85,90
Hellhound,136,150,105,120,102,1,1,0,0,0,0,0
Penance Ranger,64,54,0,0,68,70,0,0,0,0,0,0
Paladin,49,55,134,48,28,1,1,20,40,40,30,20
Nezikchened,187,150,165,168,167,160,160,0,0,0,0,0
Gardener,4,7,1,1,7,1,1,0,0,0,0,0
Steel dragon,246,210,215,215,215,1,100,50,70,70,30,90
Galina,24,60,10,10,10,1,1,-21,-21,-21,-21,-21
Aviansie,89,69,1,1,115,89,1,0,0,0,0,0
Sea troll,79,100,60,60,60,1,1,0,0,0,0,0
Harpie Bug Swarm,46,25,54,46,32,1,1,10,5,10,5,10
River troll,49,,48,48,48,1,1,0,0,0,0,0
Crawling Hand,8,16,8,4,4,1,1,0,0,0,0,0
Reanimated aviansie,0,35,71,1,70,1,1,0,0,0,0,0
Avatar of Destruction,525,1500,160,320,10,0,10,20,20,20,20,20
Poltenip,21,22,19,18,14,1,1,18,25,19,-4,20
Unicorn,15,19,11,13,13,1,1,0,0,0,0,0
Dagannoth fledgeling,70,100,50,50,50,1,1,0,0,0,0,0
Swamp snake,109,125,70,110,80,30,30,0,0,0,0,0
Feral Vampyre,77,60,65,66,81,1,1,0,0,0,0,0
Angry bear,40,,0,0,0,0,0,0,0,0,0,0
Sotetseg,336,,0,0,0,0,0,0,0,0,0,0
Stranger,95,80,90,80,80,1,1,81,93,98,1,82
Mounted terrorbird gnome,31,36,25,25,25,1,1,16,16,18,15,10
Wallasalki,98,120,1,1,80,1,100,100,150,175,250,-10
Reanimated TzHaar,0,35,120,140,120,1,40,0,0,0,0,0
Cave kraken,127,125,1,1,150,1,120,0,0,0,-63,100
Yt-HurKot,108,60,140,100,60,120,120,0,0,0,100,100
Ghost,24,20,23,20,23,1,1,0,0,0,0,0
Balfrug Kreeyath,151,161,115,60,153,1,150,0,0,0,10,0
Jal-AkRek-Mej,70,15,1,1,95,1,120,0,0,0,25,0
Jennella,48,50,40,40,40,1,1,0,0,0,0,0
Sir Harry,62,57,54,54,54,1,1,87,84,76,-10,79
Sergeant Steelwill,142,127,80,50,150,1,150,0,0,0,0,0
Bird,11,10,10,10,10,1,10,0,0,0,0,0
Sir Bedivere,110,90,99,95,99,1,1,15,0,190,0,0
Necromancer,26,40,18,18,18,1,18,0,0,0,0,0
Kob,185,200,180,175,80,0,0,85,85,90,200,200
Reanimated monkey,0,5,2,2,3,1,1,0,0,0,0,0
Jal-MejRah,85,25,0,0,55,120,120,30,30,30,-20,45
Lynx Tamer,21,22,19,18,14,1,1,24,14,19,4,16
Great Olm (Right claw),549,600,375,375,262,375,130,200,200,200,50,200
Aviansie,79,77,1,1,55,96,1,0,0,0,0,0
Dad (hard),201,240,132,264,50,0,0,25,25,40,200,200
Black unicorn,27,29,21,23,23,1,1,0,0,0,0,0
Abhorrent spectre,253,250,1,1,180,1,300,40,40,40,0,30
Spiritual ranger,118,120,1,1,80,140,1,0,0,0,0,0
Kolodion,0,78,0,0,0,0,0,0,0,0,0,0
Feral Vampyre,70,75,90,46,30,0,0,0,0,0,0,0
Bird,5,5,5,5,5,1,5,0,0,0,0,0
Guard,37,50,20,20,20,40,1,18,23,27,10,19
Magic axe,42,44,38,38,29,1,1,10,5,15,5,10
Skeleton,60,70,50,50,40,1,1,35,35,-5,0,35
Cave horror,80,55,80,77,62,1,80,0,0,0,0,0
Monkey Guard,167,130,130,130,200,1,130,0,0,0,0,0
Goblin,15,16,16,6,19,1,1,0,0,0,0,0
Keef,178,180,165,120,165,1,1,50,50,50,0,0
Ancient Wyvern,210,300,150,150,150,90,90,70,70,70,170,120
Bryophyta,128,115,130,100,100,1,90,0,0,0,0,0
Flesh Crawler,35,25,80,2,10,1,1,15,15,15,15,15
Mosquito swarm,17,9,10,1,45,1,1,2,2,5,2,0
Enclave guard,83,80,70,70,70,1,1,13,24,19,0,0
Giant Champion,56,70,36,44,52,1,1,0,0,0,0,0
Giant rat,26,25,22,23,22,1,1,0,0,0,0,0
Mourner,106,19,8,8,8,1,1,6,6,9,0,0
Deathly mage,0,,1,1,0,1,0,0,0,0,0,0
Nazastarool,91,70,85,80,80,0,0,0,0,0,0,0
Dire Wolf,72,74,60,61,62,1,1,0,0,0,0,0
Barbarian,7,,0,0,0,0,0,0,0,0,0,0
Goblin,25,26,22,23,17,1,1,14,16,18,14,14
Poison Scorpion,20,23,16,17,15,1,1,5,15,15,0,5
Giant spider,27,32,20,24,21,1,1,0,0,0,0,0
Catablepon,68,50,65,60,60,1,60,50,40,30,30,50
Chasm Crawler,68,64,22,18,18,1,1,10,10,5,5,10
Torcher,79,57,0,0,73,0,97,0,0,0,0,0
Zulrah,725,500,1,1,300,300,300,0,0,0,-45,50
Reanimated demon,0,35,68,70,71,1,1,0,0,0,-10,0
Undead Lumberjack,30,10,73,6,10,1,1,0,0,0,0,0
Deviant spectre,169,190,1,1,90,1,205,80,80,80,0,85
Nylocas Hagios,162,11,200,160,1,200,1,0,0,0,0,0
Mummy,98,10,255,2,50,1,1,100,100,100,0,0
Water elemental,34,30,30,30,30,30,30,0,0,0,0,0
Chaotic death spawn,215,50,380,1,70,380,380,0,0,0,0,0
Tormented Soul,16,20,16,12,10,1,1,0,0,0,0,0
Vampyre Juvinate,59,50,95,16,45,50,50,0,0,0,0,0
Monk,3,5,2,2,3,1,1,0,0,0,0,0
Hazeel Cultist,13,25,10,10,4,1,1,5,6,8,0,0
Nylocas Vasilias,301,1800,160,140,50,140,20,0,0,0,0,0
Shifter,57,38,67,52,38,0,37,0,0,0,0,0
Stag,15,19,11,13,13,1,1,0,0,0,0,0
Angry giant rat,45,50,0,0,0,0,0,0,0,0,0,0
Flesh Crawler,41,25,100,2,10,1,1,15,15,15,15,15
Thora,2,1,3,3,3,1,1,-12,-12,-12,-12,-12
Sea Troll Queen,170,200,100,70,100,1,150,20,40,40,40,0
Animated Steel Armour,46,40,40,40,40,1,1,50,25,19,400,400
Barbarian,9,20,6,7,3,1,1,9,10,10,-3,5
Black dragon,247,250,200,215,200,1,150,50,70,70,60,50
Zombie,132,54,160,180,62,1,1,25,20,25,10,30
Reanimated unicorn,0,15,11,13,13,1,1,0,0,0,0,0
Revenant imp,7,10,5,5,4,5,9,0,0,0,5,0
Repugnant spectre,335,390,1,1,220,1,380,120,120,120,0,115
Gang boss,76,80,1,1,70,80,1,0,0,10,0,0
Guard,21,22,19,18,14,1,1,18,25,19,-4,20
Sir Carl,62,57,54,54,54,1,1,87,84,76,-10,79
White Knight,39,52,32,29,27,1,1,83,76,70,-11,74
Chicken,3,3,1,1,1,1,1,-42,-42,-42,-42,-42
Headless Beast (hard),233,320,200,240,42,1,42,18,18,18,6,52
Huge spider,81,90,59,70,69,1,1,0,0,0,0,0
Zombie,61,57,53,55,50,1,1,20,20,0,0,10
Ghost guard,1337,800,800,400,300,1,1,8,9,7,0,8
Spiked Turoth,244,195,204,280,154,1,1,0,40,40,0,0
Spinner,55,53,22,22,68,0,52,0,0,0,0,0
Saradomin priest,113,89,120,46,120,1,125,12,14,13,5,13
Dark warrior,145,165,75,75,55,1,1,106,109,139,0,0
Tz-Kih,22,10,20,30,15,30,15,0,0,0,0,0
Knight of Saradomin,103,135,75,85,70,1,60,10,10,7,0,13
Treus Dayth,95,100,70,70,100,1,1,5,5,5,-5,5
H.A.M. Archer,30,35,0,0,30,30,0,5,5,0,0,5
Asyn shadow,110,94,110,96,80,50,50,0,0,0,0,0
Dwarf,20,26,15,16,16,1,1,0,0,0,5,0
Angry unicorn,47,50,38,41,38,1,1,0,0,0,0,0
Rooster,2,5,1,1,1,1,1,-42,-42,-42,-42,-42
Vera,24,60,10,10,10,1,1,-21,-21,-21,-21,-21
Rogue,15,17,13,13,13,1,1,6,9,11,0,0
Kalphite Soldier,85,90,70,70,70,1,1,25,25,5,50,50
Turoth,86,78,55,85,85,1,1,0,20,20,0,0
Abyssal leech,41,10,95,5,25,1,1,50,50,100,50,10
Aviansie,131,115,1,1,175,143,1,0,0,0,0,0
Witch's experiment,19,21,18,10,19,1,1,0,0,0,0,0
Crondis,75,60,80,70,35,1,40,15,15,15,70,40
Nylocas Matomenos,138,200,100,100,100,100,100,0,0,0,0,0
Zombie,86,76,74,80,71,1,1,20,20,0,0,10
Ghoul,42,50,30,40,30,1,1,0,0,0,0,0
Zombie,23,20,20,20,20,1,1,0,0,0,0,0
Moss giant,42,60,30,30,30,1,1,0,0,0,0,0
Spinner,88,93,37,37,143,0,37,0,0,0,0,0
Giant crypt rat,76,70,80,50,65,1,1,0,0,0,0,0
Unicow,25,24,18,26,22,1,1,0,0,0,0,0
Jackal,21,27,17,18,15,1,1,0,0,0,0,0
Knight of Saradomin,101,108,75,90,82,1,60,12,14,13,0,13
Alexis,24,60,10,10,10,1,1,-21,-21,-21,-21,-21
Gorad,68,80,54,54,54,1,1,15,27,21,0,0
Knight of Ardougne,46,,0,0,0,0,0,0,0,0,0,0
Gnome troop,1,3,1,1,1,1,1,3,4,5,2,4
Nylocas Toxobolos,46,11,200,160,1,200,1,0,0,0,0,0
Crab,23,19,19,20,26,1,1,0,0,0,0,0
Demonic gorilla,275,380,205,195,200,195,195,0,0,0,50,0
Zygomite,74,65,65,65,65,65,65,10,10,10,20,20
Moss Guardian,84,120,60,60,60,1,1,0,0,0,0,0
The Untouchable,274,90,187,255,434,1,1,0,0,0,0,0
Ferocious barbarian spirit,166,190,150,140,100,1,1,0,73,72,-3,72
Aviansie,137,124,1,1,160,136,1,0,0,0,0,0
Ent,101,75,75,75,75,1,1,50,70,70,40,30
Baby red dragon,48,50,40,40,40,1,1,30,50,50,40,30
Cow calf,2,6,1,1,1,1,1,-26,-26,-26,-26,-26
Hobgoblin,42,49,33,31,36,1,1,1,1,0,0,0
Nylocas Hagios,260,11,200,160,1,200,1,0,0,0,0,0
Respiratory system,0,50,0,0,80,0,0,0,0,0,0,0
Dark wizard,23,25,20,10,20,1,25,0,0,0,5,0
Sand Snake (hard),154,180,180,140,20,1,1,0,0,0,0,0
Rabbit,2,2000,600,200,450,1,300,150,150,150,150,200
Penance Fighter,77,56,71,73,66,0,0,0,0,0,0,0
Nylocas Toxobolos,82,11,200,160,1,200,1,0,0,0,0,0
Alrik,1,1,1,1,1,1,1,0,0,0,0,0
Undead chicken,1,3,1,1,1,1,1,-42,-42,-42,-42,-42
Nail beast,69,55,150,6,2,1,1,0,0,0,0,0
Skraeling,2,1,3,3,3,1,1,-12,-12,-12,-12,-12
Tyras guard,110,110,85,95,100,0,1,87,84,76,-10,79
Abyssal guardian,59,55,30,90,30,1,1,70,70,70,150,70
Pirate Guard,19,25,18,16,10,1,1,30,39,30,0,0
Avatar of Creation,525,1500,160,320,10,0,10,20,20,20,20,20
Skeleton,68,70,60,50,60,1,1,35,35,-5,0,35
Snake,35,25,25,25,50,1,1,0,0,0,0,0
Robert the Strong,224,280,0,0,140,328,128,140,180,60,940,860
Aviansie,84,86,1,1,70,93,1,0,0,0,0,0
Gardener,3,7,2,1,5,1,1,0,0,0,0,0
Banshee,23,22,22,15,22,1,1,5,5,5,0,5
Spider,87,80,80,80,60,1,60,60,60,20,20,180
Troll spectator,71,90,40,90,25,0,0,0,0,10,200,200
Spiritual mage,122,,1,1,111,1,150,9,12,5,45,28
Rock Golem,49,,0,0,0,0,0,0,0,0,0,0
Earth wizard,13,25,5,5,10,0,10,0,0,0,15,0
Penance Fighter,56,49,50,48,48,0,0,0,0,0,0,0
Greater demon,104,120,76,90,81,1,1,0,0,0,-10,0
Saradomin wizard,108,120,100,80,80,1,80,0,0,0,30,0
Tree spirit,79,86,64,64,64,1,1,0,0,0,0,0
Wingman Skree,143,121,80,50,160,100,150,0,0,0,0,0
Swamp Crab,55,75,1,1,50,1,50,100,100,100,100,-55
Grey golem,75,80,80,30,80,1,1,300,1,300,300,300
Tree spirit,120,120,100,100,100,1,1,0,0,0,0,0
Crystalline Dark Beast,172,100,98,98,98,98,98,0,0,0,0,0
Bruise Blamish Snail,20,15,0,0,27,20,1,5,5,30,5,50
Demon,82,79,68,70,71,1,1,0,0,0,-10,0
Revenant dragon,135,155,106,126,87,151,150,201,206,188,101,197
Chaos Fanatic,202,225,1,1,220,1,200,260,260,250,280,80
Wild dog,63,62,53,54,54,1,1,0,0,0,0,0
Mugger,6,8,5,5,5,1,1,0,0,0,0,0
Skeleton fremennik,60,40,72,54,40,1,1,14,18,15,-4,15
Scabaras,75,50,70,70,66,1,1,30,30,30,0,70
Deranged archaeologist,276,200,280,160,280,320,1,20,20,50,300,300
Rock Golem,159,166,130,130,130,80,1,0,0,0,0,0
Dad,101,120,60,120,50,0,0,25,25,40,200,200
Alomone,13,25,10,10,4,1,1,5,6,8,0,0
Obor,106,120,90,100,60,120,1,35,40,45,20,20
Rock Golem,14,,0,0,0,0,0,0,0,0,0,0
Animated Adamant Armour,113,99,99,99,99,1,1,50,25,19,400,400
Penance Ranger,43,41,0,0,46,45,0,0,0,0,0,0
Air elemental,34,30,40,20,30,20,40,0,0,0,0,0
Ulfric,100,60,100,82,100,1,1,0,0,0,0,0
Kroy,133,209,80,80,80,0,80,50,50,50,50,50
Cave bug,96,93,82,80,84,1,1,72,59,35,25,95
Ouhai,149,,0,0,0,0,0,0,0,0,0,0
Zombie,132,54,160,1,62,1,180,35,30,35,20,10
Vanstrom Klause,169,155,150,136,150,150,150,0,0,0,0,0
Thief,21,22,19,18,14,1,1,24,14,19,4,16
Thrower Troll,67,95,30,80,30,60,0,0,0,0,200,200
Bush snake,35,25,25,25,50,1,1,0,0,0,0,0
Rowdy slave,10,16,7,7,7,0,0,0,0,0,0,0
Goblin,5,12,12,13,7,1,1,0,0,0,0,0
Karamel (hard),186,255,1,1,100,200,1,150,150,150,150,150
Zombie,98,96,85,83,81,1,1,20,20,0,0,10
Chinchompa,1,1,1,1,1,1,1,0,0,0,0,0
Troll general,113,140,70,140,40,0,0,35,60,35,200,200
Dessous,139,200,99,99,99,1,1,10,150,150,0,0
Khazard warlord,112,170,75,78,80,1,1,0,0,0,0,0
Milla,24,60,10,10,10,1,1,-21,-21,-21,-21,-21
Woman,3,10,1,1,2,1,1,0,0,0,0,0
Tree spirit,49,60,38,38,38,1,1,0,0,0,0,0
Monkey Zombie,82,60,100,60,60,1,60,0,0,0,0,0
Sea troll,87,80,75,75,75,1,1,0,0,0,0,0
Greater demon,113,130,120,90,50,1,1,0,0,0,-10,0
Shadow Hound,63,62,53,54,54,1,1,0,0,0,0,0
Lynx,21,25,18,16,18,1,1,0,0,0,0,0
Sofiya,24,60,10,10,10,1,1,-21,-21,-21,-21,-21
Yak,22,50,20,10,1,1,1,0,0,0,0,0
Experiment No.2,109,95,104,92,90,100,1,45,70,60,60,55
Barbarian,9,20,6,7,3,1,1,0,10,10,-3,5
Skotizo,321,450,240,250,200,1,280,80,80,80,130,130
Ungadulu,169,150,147,147,147,0,0,0,0,0,0,0
Al-Kharid warrior,9,19,7,5,4,1,1,12,15,10,-1,12
Fiyr Shade,120,110,120,100,85,0,0,0,0,0,0,0
Cyclops,81,110,60,70,48,1,1,0,0,0,0,0
Sea troll,65,80,50,50,50,1,1,0,0,0,0,0
Ragnvald,2,1,3,3,3,1,1,-12,-12,-12,-12,-12
Fire elemental,35,30,35,35,20,20,20,0,0,0,0,0
Experiment,51,40,40,50,50,1,1,0,0,0,0,0
Witch,25,10,0,0,0,0,0,0,0,0,0,0
Body Golem,50,60,33,43,45,1,1,5,5,0,2,10
The Everlasting,223,230,187,231,120,1,1,0,0,0,0,0
Brawler,76,83,37,82,67,0,0,0,0,0,0,0
Bark Blamish Snail,15,22,0,0,20,10,1,5,5,30,5,30
Tentacle,136,75,115,76,75,115,50,0,0,0,0,0
Corrupted Dragon,258,100,147,147,98,147,98,0,0,0,0,0
Evil Chicken,159,120,1,1,126,1,200,0,0,0,0,0
Renegade Knight,37,48,28,28,28,1,1,99,82,62,0,0
Gunthor the brave,29,35,22,22,25,1,1,12,14,10,-1,11
Moss Guardian (hard),182,240,165,165,60,1,1,0,0,0,0,0
Zombie,159,170,130,130,130,1,1,0,0,0,0,0
Wizard,9,14,8,8,5,1,10,0,0,0,3,0
San Tojalon,106,120,86,84,86,0,0,18,22,20,-1,20
Khazard warlord (hard),192,255,165,170,80,1,1,0,0,0,0,0
Giant Roc,172,250,130,130,100,130,1,0,0,0,150,0
Jogre,53,60,43,43,43,1,1,0,0,0,0,0
Forgotten Soul,76,77,80,70,30,1,30,10,10,10,10,10
Kalphite Guardian,141,170,110,110,110,1,1,25,25,5,50,50
Possessed pickaxe,50,40,40,55,40,1,1,15,10,5,5,10
Skeleton,42,40,40,30,40,1,1,50,40,0,0,40
Wolf,79,80,85,75,30,1,30,10,10,10,10,10
A Doubt,78,50,0,0,0,0,0,0,0,0,0,0
Ice Troll,121,90,110,110,110,1,1,30,60,30,0,0
Ochre Blamish Snail,15,20,0,0,25,8,1,5,5,30,5,50
Wallasalki,98,120,10,10,80,1,100,100,150,175,250,10
Nylocas Hagios,82,11,200,160,1,200,1,0,0,0,0,0
Delrith,27,10,11,10,5,1,1,0,0,0,0,0
Bloodveld,76,120,75,45,30,1,1,0,0,0,0,0
Berry,71,90,40,90,25,0,0,0,0,10,200,200
TzHaar-Ket,221,200,200,180,190,1,40,0,0,0,0,0
The Maiden of Sugadinti,940,2500,140,140,80,140,140,0,0,0,0,0
Undead Lumberjack,60,12,137,26,16,1,1,0,0,0,0,0
Lensa,48,50,40,40,40,1,1,0,0,0,0,0
Goat,23,21,20,20,20,1,1,10,10,0,0,10
Malevolent Mage,162,175,1,1,135,1,175,0,0,0,0,0
Rock Crab,13,50,1,1,1,1,1,0,0,0,0,0
Reanimated troll,0,35,40,75,40,1,1,0,0,10,200,200
Terrorbird,28,34,23,23,19,1,1,0,0,0,0,0
Penance Fighter,37,32,33,32,34,0,0,0,0,0,0,0
Black Guard Berserker,66,50,60,60,60,1,1,60,60,60,0,60
Shifter,104,83,110,83,83,0,60,0,0,0,0,0
Reanimated dog,0,35,53,54,54,1,1,0,0,0,0,0
Barbarian,10,18,8,7,3,1,1,0,3,2,-3,2
Undead Lumberjack,35,12,0,0,0,1,1,0,0,0,0,0
Head Thief,26,37,24,18,16,2,0,8,14,15,4,9
Reanimated bear,0,15,17,18,15,1,1,0,0,0,0,0
Lizardman shaman,150,150,120,120,140,120,130,-10,40,30,50,0
Dagannoth spawn,42,35,50,35,25,1,1,0,0,0,0,0
Mudskipper,31,20,30,30,29,1,1,0,0,0,0,0
Desert Wolf,27,34,20,21,22,0,0,0,0,0,0,0
Possessed Priest,91,90,90,90,40,1,60,90,0,90,0,0
Chicken,3,3,0,0,0,0,0,0,0,0,0,0
Pirate,23,20,21,21,21,1,1,3,2,0,0,0
Callisto,470,255,350,370,440,1,1,135,104,175,900,230
Dwarf gang member,48,25,80,30,25,1,1,7,7,0,0,7
Husk,104,20,1,1,20,80,0,20,20,20,80,80
Pit Scorpion,28,32,23,23,23,1,1,0,5,5,0,0
Watchman,33,22,31,31,31,1,1,24,14,19,-4,16
Torag the Corrupted,115,100,100,100,100,1,1,221,235,222,0,221
Ungadulu,70,65,57,61,65,0,65,0,0,0,0,0
Stone Guardian,124,62,150,148,138,1,118,25,25,15,10,40
Dwarf,7,10,6,6,6,1,1,0,0,0,5,10
Cyclops,76,100,65,65,35,1,1,0,0,0,0,0
Flawed Golem,13,25,7,12,6,1,1,5,5,0,2,10
Bandit,57,50,50,50,50,1,1,0,0,0,0,0
Maniacal monkey,48,65,200,175,10,1,1,0,0,0,0,0
Sir Kay,124,110,110,110,100,1,1,45,300,65,0,0
Rock Golem,120,120,100,100,100,75,1,0,0,0,0,0
Crawling Hand,12,19,11,7,10,1,1,0,0,0,0,0
Archer,42,50,0,0,40,40,1,39,50,49,18,45
Tree spirit,29,40,17,17,17,1,1,0,0,0,0,0
Mutated Bloodveld,123,170,110,115,30,1,1,0,0,0,0,0
Kolodion,0,3,0,0,0,0,0,0,0,0,0,0
Rat,0,2,1,1,1,1,1,-42,-42,-42,-42,-42
Hydra,194,300,1,1,100,210,210,160,160,160,160,0
Ent,86,75,75,75,75,1,1,50,70,70,40,30
Angry barbarian spirit,166,190,150,140,100,1,1,0,3,2,-3,2
Vampyre Juvenile,45,60,40,30,30,1,1,0,0,0,0,0
Ice troll,123,80,120,120,100,1,1,30,60,30,0,0
Jungle spider,37,35,50,30,10,1,10,0,0,0,0,0
Cave goblin miner,11,10,10,12,7,1,1,0,0,0,0,0
Dusk,328,450,300,250,150,250,250,0,0,0,0,0
Nylocas Prinkipas,400,400,200,175,25,175,25,0,0,0,0,0
Barbarian,17,24,15,14,10,1,1,0,3,2,-3,2
Sand Snake,36,60,30,20,20,1,1,0,0,0,0,0
Archer,37,50,20,20,20,40,1,18,23,27,10,19
Invrigar the Necromancer,20,24,17,17,14,1,18,0,0,0,3,0
Giant skeleton,100,110,84,80,80,1,1,50,40,0,0,40
Fiyr Shadow,120,110,120,100,85,0,0,0,0,0,0,0
Verzik Vitur,1265,2000,400,400,20,400,400,20,20,20,20,20
Nuclear smoke devil,280,240,240,230,390,280,1,0,0,0,850,80
Flesh Crawler,28,25,60,2,10,1,1,15,15,15,15,15
Goblin Champion,24,32,1,1,14,1,26,0,0,0,0,0
Crypt spider,56,60,45,47,45,1,1,20,20,10,17,20
Zombie,24,30,19,21,16,1,1,9,8,12,10,11
Giant spider,2,5,1,1,1,1,1,-10,-10,-10,-10,-10
Chaos Elemental,305,250,270,270,270,270,270,70,70,70,70,70
Mutant tarn,69,80,40,80,40,1,1,50,50,50,50,50
King kurask,295,420,190,320,250,1,1,0,50,50,0,0
Typhor,218,360,186,186,186,1,186,30,30,0,30,0
Arzinian Avatar of Magic,125,100,10,90,120,0,120,80,80,80,20,15
TzHaar-Mej,103,100,80,80,80,1,120,0,0,0,0,0
Vyrewatch Sentinel,151,150,120,160,180,120,120,0,0,0,0,0
Spider,1,2,1,1,1,1,1,-53,-53,-53,-53,-53
Skeleton,85,77,74,74,74,1,1,79,31,20,5,70
Goblin,11,7,10,3,7,1,1,0,0,0,0,0
Experiment,25,100,1,1,30,1,1,0,0,0,0,0
Afflicted,37,30,30,30,40,1,1,0,0,0,0,0
Gnome troop,3,3,1,1,1,5,1,3,4,5,2,4
Defiler,66,62,0,0,41,84,0,0,0,0,0,0
Angry goblin,47,50,38,41,38,1,1,0,0,0,0,0
Aviansie,79,83,1,1,70,85,1,0,0,0,0,0
Boris,24,60,10,10,10,1,1,-21,-21,-21,-21,-21
Bouncer,160,120,145,145,145,1,1,0,0,0,0,0
Elvarg (hard),214,240,210,210,70,1,210,20,40,40,30,20
Liliya,24,60,10,10,10,1,1,-21,-21,-21,-21,-21
Woman,2,7,1,1,1,1,1,-21,-21,-21,-21,-21
Green dragon,79,75,68,68,68,1,68,20,40,40,30,20
Spawn of Sarachnis,107,30,150,120,50,1,1,50,50,20,-10,150
Aviansie,73,67,1,1,55,89,1,0,0,0,0,0
Ancient Wizard,112,80,120,150,20,1,80,0,0,0,0,0
Tstanon Karlak,145,142,124,118,125,50,50,0,0,0,-5,0
Big Wolf,73,74,60,61,62,1,1,0,0,0,0,0
Skeleton,87,92,75,80,55,1,1,50,40,0,0,40
Melzar the Mad,43,44,37,37,34,1,40,0,0,0,0,0
Dark wizard,20,24,17,17,14,1,22,0,0,0,3,0
Scion,100,50,120,90,80,100,1,0,0,0,-10,0
The Draugen,69,60,60,60,60,1,1,100,100,100,500,500
Ancient Zygomite,109,150,80,80,80,80,80,20,20,20,30,30
Glod,138,160,115,120,110,1,1,105,110,130,125,100
Ankou,86,70,75,75,80,1,1,0,0,0,0,0
White wolf,25,34,20,16,22,1,1,0,0,0,0,0
Goblin,5,12,3,1,4,1,1,0,0,0,0,0
Splatter,22,13,17,17,33,0,17,0,0,0,0,0
Sea Snake Hatchling,62,50,60,55,50,1,1,0,0,0,0,0
Crystalline Bat,33,14,24,68,2,0,2,0,0,0,0,0
Tortoise,92,120,30,100,80,50,50,0,0,0,0,0
Screaming banshee,70,61,65,61,56,1,1,13,13,13,0,13
Werewolf,93,92,77,76,85,1,1,-21,-21,-21,-21,-21
TzTok-Jad,702,250,640,960,480,960,480,0,0,0,0,0
Defiler,97,97,0,0,65,117,0,0,0,0,0,0
Moss Giant,84,120,60,60,60,1,1,0,0,0,0,0
Dark wizard,7,12,5,2,5,1,6,0,0,0,3,0
Skeleton Champion,40,58,1,1,34,36,1,0,0,0,0,0
Rabbit,1,1,1,1,1,1,1,0,0,0,0,0
Sir Lucan,120,105,105,110,99,1,1,275,65,45,0,0
Guard,1337,800,800,400,300,1,1,8,9,7,0,8
Mercenary,45,60,32,32,39,0,0,17,15,19,-3,19
Cave lizard,37,20,38,36,35,1,1,5,15,15,0,5
Karamel,136,250,1,1,100,100,1,150,150,150,150,150
Bloodworm,52,45,80,20,35,1,1,0,0,0,0,0
Starlight,149,160,120,125,120,1,125,12,14,13,5,13
Defiler,80,78,0,0,53,98,0,0,0,0,0,0
Revenant cyclops,82,110,60,73,49,70,65,140,130,135,10,135
Giant lobster,32,32,18,26,40,1,1,5,15,5,0,5
Vitreous warped Jelly,241,220,200,180,250,1,180,0,0,0,0,0
Witch's experiment (fourth form),53,51,48,40,49,1,1,0,0,0,0,0
Skeletal miner,42,39,35,37,38,1,1,9,11,-2,1,4
Flambeed (hard),238,255,240,240,75,1,1,50,50,5,5,50
Sotetseg,1195,,0,0,0,0,0,0,0,0,0,0
Goblin,2,5,1,1,1,1,1,-15,-15,-15,-15,-15
Corrupted Unicorn,64,44,75,72,24,0,24,0,0,0,0,0
Zygomite,86,65,65,65,65,65,65,10,10,10,20,20
Alchemical Hydra,426,1100,100,100,100,260,260,75,150,150,150,45
Dusk,248,450,200,140,100,140,140,0,0,0,0,0
Ice demon,0,210,1,1,240,585,585,70,70,110,60,140
Ice troll male,82,80,80,80,40,1,1,30,60,30,0,0
Witch's experiment (second form) (hard),77,93,84,60,29,1,1,0,0,0,0,0
Monk of Zamorak,22,20,18,18,22,1,25,0,0,0,0,0
Dagannoth,74,70,68,70,50,1,1,0,0,0,0,0
Bandosian guard,125,130,110,115,80,1,1,12,14,13,5,13
Frogeel,103,90,91,89,90,1,1,0,0,0,0,0
Black Knight,33,42,25,25,25,1,1,73,76,70,-11,72
Pyrelord,60,80,60,40,30,1,1,10,10,10,0,10
Defiler,50,45,0,0,29,66,0,0,0,0,0,0
Animated Bronze Armour,11,10,10,10,10,1,1,50,25,19,400,400
Nikolai,24,60,10,10,10,1,1,-21,-21,-21,-21,-21
Ogress Warrior,82,82,68,70,82,1,60,10,12,12,14,16
Dark warrior,62,80,50,50,40,1,20,10,20,40,0,0
Swamp snake,80,120,50,50,70,30,30,0,0,0,0,0
Derwen,235,320,250,150,100,1,80,200,200,200,-60,200
Brawler,101,113,47,107,93,0,0,0,0,0,0,0
The Maiden of Sugadinti,324,2500,140,140,80,140,140,0,0,0,0,0
Nylocas Matomenos,115,200,100,100,100,100,100,0,0,0,0,0
Hopeless creature,40,25,38,36,39,1,1,0,0,0,0,0
Colossal Hydra,334,750,1,1,100,250,250,100,200,200,200,20
Zombie pirate,57,52,49,50,50,1,1,0,0,0,0,0
Crawling Hand,11,,0,0,0,1,1,0,0,0,0,0
Corrupted Wolf,102,52,159,99,22,0,22,0,0,0,0,0
Animated Black Armour,69,60,60,60,60,1,1,50,25,19,400,400
Nylocas Athanatos,107,180,1,1,50,1,50,0,0,0,0,0
Rocnar,97,100,80,80,80,0,0,0,0,0,0,0
Vanguard,0,,0,0,0,0,0,0,0,0,0,0
Chaos Golem,70,94,45,55,59,1,1,5,5,0,2,10
Ghost,29,27,23,23,28,1,1,5,5,5,-5,5
Cave goblin guard,24,26,22,16,22,1,1,0,15,19,-3,12
Jelly,78,75,45,45,120,1,45,0,0,0,0,0
Splatter,44,33,27,27,73,0,27,0,0,0,0,0
Black Knight,32,42,0,0,0,0,0,0,0,0,0,0
Bandit,56,30,59,70,30,1,1,0,9,8,10,0
Guardian of Armadyl,43,40,37,37,37,1,1,43,55,50,-12,51
Undead Zealot,34,28,28,28,38,1,1,20,20,0,0,10
Tribesman,32,39,23,27,26,1,1,4,6,6,0,0
Boar,7,12,6,5,4,1,1,0,0,0,0,0
Crystalline Spider,22,12,32,26,4,0,4,0,0,0,0,0
Penguin,2,4,1,2,2,1,1,0,0,0,0,0
Jonny the beard,2,8,1,1,1,1,1,0,0,0,0,0
Zulrah,725,500,1,1,300,300,300,0,0,0,300,0
Ankou,75,60,70,70,60,1,1,0,0,0,0,0
The Shaikahan,83,100,80,80,25,1,1,0,0,0,10000,10000
Abyssal demon,124,150,97,67,135,1,1,20,20,20,0,20
Dagannoth Rex,303,255,255,255,255,255,0,255,255,255,10,255
Wolf,25,34,20,16,22,1,1,0,0,0,0,0
Brutal black dragon,318,315,330,210,258,0,250,50,70,70,60,50
Revenant dark beast,120,72,93,110,80,135,130,153,152,155,70,158
Sir Palomedes,118,100,105,105,100,1,1,250,250,50,0,0
Grip,22,25,18,17,18,1,1,16,27,22,0,0
Iron dragon,189,165,165,165,165,1,100,50,70,70,30,90
Spinolyp,76,100,10,10,10,100,1,100,100,100,50,50
Guard,26,26,25,18,25,1,1,1,16,19,-3,12
Undead Lumberjack,64,12,0,0,0,1,1,0,0,0,0,0
Skeleton Mage,16,17,14,14,14,1,18,0,0,0,0,0
Skeleton brute,132,124,115,114,110,1,1,0,3,2,-3,2
Ghoul Champion,85,100,0,0,0,0,0,0,0,0,0,0
Urium Shadow,140,130,138,116,100,0,0,0,0,0,0,0
Ancient Guardian,25,40,25,33,25,1,1,40,40,0,5,30
Blood spawn,183,120,1,1,0,1,0,0,0,0,0,0
Hobgoblin Champion,56,58,44,48,48,44,1,0,0,0,0,0
Zombie,30,30,25,29,20,1,1,0,0,0,0,0
Gorak,145,112,130,130,131,1,1,0,0,0,0,0
Black demon,172,157,145,148,152,1,1,0,0,0,-10,0
Boar,5,8,5,4,3,1,1,0,0,0,0,0
Arzinian Avatar of Ranging,125,100,10,100,120,110,0,15,15,15,80,20
Mourner,108,19,8,8,8,1,1,6,6,9,0,0
Thief,16,17,14,13,12,2,0,0,0,0,0,0
Gnome,1,3,1,1,1,1,1,-42,-42,-42,-42,-42
Icefiend,13,15,10,10,12,1,1,0,0,0,0,0
Fortress Guard,20,22,18,18,15,1,1,14,18,14,-4,15
Undead Lumberjack,55,12,0,0,0,1,1,0,0,0,0,0
Assassin,132,120,112,112,92,112,92,50,50,50,20,50
Fear reaper,42,25,39,41,40,1,1,0,0,0,0,0
The Everlasting (hard),365,255,374,462,120,1,1,0,0,0,0,0
Ragnar,1,1,1,1,1,1,1,0,0,0,0,0
Damis,174,200,160,100,160,1,1,100,100,100,80,120
Armadylean guard,97,132,1,1,82,90,80,0,0,0,3,0
Paladin,59,66,54,54,54,1,1,87,84,76,-10,79
City guard,83,80,70,70,70,1,1,13,24,19,0,0
Night beast,374,550,270,290,220,1,300,75,80,200,190,200
Hobgoblin,54,62,45,43,43,1,1,1,1,0,0,0
Vespula,0,,0,0,0,0,0,0,0,0,70,60
Jungle spider,44,50,35,37,35,1,1,20,20,10,17,20
Crypt rat,43,35,70,20,20,1,1,0,0,0,0,0
Slug Prince,62,70,50,50,50,1,1,30,30,30,99,99
Zombie,18,24,13,13,18,1,1,0,0,0,0,0
Verzik Vitur,367,2000,400,400,20,400,400,20,20,20,20,20
Fire giant,104,130,65,65,120,1,1,20,10,10,50,-10
Penance Ranger,72,58,0,0,80,78,0,0,0,0,0,0
Shade,159,170,130,130,130,1,1,0,0,0,0,0
Crawling Hand,7,15,7,3,3,1,1,0,0,0,0,0
Confusion beast,43,28,42,41,40,1,1,0,0,0,0,0
Bloodveld,81,134,80,46,30,1,1,0,0,0,0,0
Sigmund,64,60,45,45,24,1,1,0,0,0,0,0
Pee Hat,91,120,50,100,50,0,0,25,25,40,200,200
Insatiable mutated Bloodveld,278,410,250,190,130,1,1,0,0,0,0,0
Dessourt (hard),217,255,198,198,99,1,1,10,150,150,0,0
Agrith-Na-Na,146,200,83,150,82,100,100,100,100,100,100,100
Splatter,54,43,32,32,93,0,32,0,0,0,0,0
Ice troll grunt,102,80,100,100,60,1,1,30,60,30,0,0
Spinner,74,73,27,27,93,0,67,0,0,0,0,0
Skeletal Wyvern,140,200,125,116,120,120,125,140,90,90,80,140
Einar,1,1,1,1,1,1,1,0,0,0,0,0
Jailer,47,47,40,40,40,1,1,79,63,47,0,0
Undead one,73,59,65,65,65,0,0,0,0,0,0,0
Uyoro,149,,0,0,0,0,0,0,0,0,0,0
Vanguard,0,280,225,225,240,225,225,150,150,150,20,400
Spiritual warrior,123,98,1,1,120,141,1,23,25,13,35,35
Hespori,284,300,1,1,120,150,126,60,20,60,80,80
Vampyre Juvinate,119,150,127,76,65,50,50,0,0,0,0,0
Growler,139,146,100,101,120,1,150,12,14,14,18,5
Dessous (hard),217,255,198,198,99,1,1,10,150,150,0,0
Slash Bash,111,100,100,120,60,100,1,30,30,30,0,0
Gargoyle,111,105,75,105,107,1,1,20,20,0,20,20
Anja,2,7,1,1,1,1,1,-21,-21,-21,-21,-21
Death wing,83,80,70,70,70,1,1,0,0,0,0,0
Elvarg,83,80,70,70,70,1,70,20,40,40,30,20
Jubster,87,60,82,78,81,1,1,0,0,0,0,0
Tarn,69,80,40,80,40,1,1,50,50,50,50,50
Thing under the bed,0,25,0,0,0,0,0,0,0,0,0,0
Riyl Shade,80,76,88,55,60,0,0,0,0,0,0,0
Market Guard,48,50,40,40,40,1,1,50,50,50,50,50
Chaos druid warrior,37,40,32,34,25,1,1,13,17,14,-4,14
Dawn,228,450,140,140,100,140,100,0,0,0,80,0
Chicken,1,3,1,1,1,1,1,-42,-42,-42,-42,-42
The Inadequacy,343,180,564,170,240,170,1,0,0,0,0,0
Flower,0,10,0,0,0,0,0,0,0,0,0,0
Nikita,24,60,10,10,10,1,1,-21,-21,-21,-21,-21
Afflicted,34,28,28,28,38,1,1,0,0,0,0,0
Menaphite Thug,55,60,60,50,20,0,0,9,8,10,0,0
Sergeant Strongstack,141,128,124,118,125,50,50,0,0,0,0,0
Earth elemental,35,35,20,35,35,30,10,0,0,0,0,0
Ice Troll King (hard),213,255,200,200,80,1,1,45,45,45,2000,2000
Spawn,100,80,100,100,60,1,1,5,15,15,0,5
Thief,14,17,14,10,9,1,1,8,13,14,4,9
Snake,5,6,4,5,3,1,1,0,0,0,0,0
Ogress Shaman,82,82,68,20,82,1,68,12,14,14,16,8
Guard,22,22,19,18,14,1,1,18,25,19,-4,20
Nylocas Ischyros,260,11,200,160,1,200,1,0,0,0,0,0
Khazard trooper,19,22,17,18,12,1,1,33,34,29,-7,33
Guard Bandit,22,27,17,17,17,1,1,4,8,5,1,4
Torcher,66,45,0,0,57,0,85,0,0,0,0,0
Ocga,5,10,3,3,3,1,1,-12,-12,-12,-12,-12
Evil Chicken (hard),286,240,0,0,126,1,400,0,0,0,0,0
Scavenger beast,0,45,180,180,67,1,1,0,0,0,0,0
Revenant goblin,15,14,13,14,14,15,12,25,28,31,1,31
Soldier,28,22,26,25,26,1,1,24,14,19,-4,16
Mummy,84,90,90,30,90,1,1,90,90,30,90,0
Brutal blue dragon,271,245,298,198,198,0,198,50,70,70,60,50
Paladin,62,66,54,54,54,1,1,87,84,76,-10,79
Crystalline Rat,24,14,28,32,6,0,6,0,0,0,0,0
Spiritual mage,120,85,1,1,86,1,160,8,7,3,16,2
Gnome guard,23,31,18,18,18,1,1,8,9,7,0,8
Splatter,33,23,22,22,53,0,22,0,0,0,0,0
The Mimic,186,230,185,120,120,1,60,160,165,150,30,145
Reanimated imp,0,5,1,1,1,1,1,-42,-42,-42,-42,-42
Monk of Zamorak,23,16,15,13,18,1,30,0,0,0,0,0
Zombie,72,68,61,63,62,1,1,20,20,0,0,10
Ice wolf,132,70,150,150,70,1,1,0,0,0,0,0
Swordchick,46,35,41,42,45,1,1,0,0,0,0,0
Dagannoth Prime,303,255,255,255,255,0,255,255,255,255,255,10
Me (hard),201,135,225,234,74,1,1,0,0,0,0,0
Ice giant,67,100,40,60,40,1,1,0,3,2,0,0
Berserk barbarian spirit,166,190,150,140,100,1,1,0,3,2,-3,2
Myre Blamish Snail,10,13,0,0,12,8,1,5,5,30,5,50
Skeleton,59,53,50,46,62,1,1,50,40,0,0,40
Skeleton Hellhound (hard),198,132,168,264,100,1,1,0,0,0,0,0
Dark warrior,8,17,5,5,5,1,1,96,79,59,0,0
Revenant ork,105,105,99,100,60,130,110,148,150,146,50,148
Cave abomination,206,130,230,195,142,1,230,0,0,0,0,0
Vanguard,0,280,225,225,240,225,225,55,60,100,400,300
Large mosquito,13,3,5,1,45,1,1,2,2,5,2,0
Spider,24,22,21,21,21,1,1,53,53,53,53,53
Lesser demon,82,79,68,70,71,1,1,0,0,0,-10,0
Catablepon,49,40,45,40,40,1,60,40,30,20,20,40
Othainian,91,87,76,78,77,1,1,0,0,0,-10,0
Headless Beast,82,,0,0,42,1,42,18,18,18,6,52
Angry unicorn,45,50,0,0,0,0,0,0,0,0,0,0
Riyl shadow,80,76,87,56,60,50,50,0,0,0,0,0
Energy sprite,0,62,0,0,0,0,0,0,0,0,0,0
Guard,22,22,15,15,16,26,1,5,5,5,-4,5
Goblin,5,,0,0,0,0,0,0,0,0,0,0
Khazard Guard,23,25,20,18,20,1,1,44,38,30,0,0
Guard,37,40,30,30,30,0,1,36,48,50,-4,38
Monk of Zamorak,17,10,8,8,12,1,25,0,0,0,0,0
Earth Warrior Champion,102,108,84,84,84,1,1,0,0,0,0,0
Mind Golem,30,40,14,31,25,1,1,5,5,0,2,10
Adamant dragon,338,295,280,280,272,186,186,30,110,85,30,95
Man,2,7,1,1,1,1,1,-21,-21,-21,-21,-21
Soldier,48,50,40,40,40,0,1,15,23,21,6,14
Kruk,207,210,130,130,150,170,130,100,100,100,250,100
Asyn Shadow,100,90,102,84,70,0,0,0,0,0,0,0
Evil spirit,150,90,170,146,100,1,1,0,0,0,0,0
Basilisk Sentinel,358,520,274,274,274,1,274,50,50,10,50,10
Thug,10,18,7,5,9,1,1,2,3,3,0,0
Rusty,2,7,1,1,1,1,1,-15,-15,-15,-15,-15
Tower guard,28,22,26,26,26,1,1,23,35,28,0,0
Goblin,5,5,7,2,4,1,1,0,0,0,0,0
Parasite,86,80,1,1,60,60,60,60,80,20,120,120
Guard,21,22,19,18,14,1,1,24,14,19,4,16
Cyclops,56,55,47,50,46,1,1,0,0,0,0,0
Splatter,65,53,37,37,113,0,37,0,0,0,0,0
Moss giant,48,85,30,30,30,1,1,0,0,0,0,0
Tekton,0,300,390,390,205,1,205,155,165,105,0,0
Spiritual mage,121,75,1,1,61,1,180,0,0,0,0,0
Tree spirit,159,170,130,130,130,1,1,0,0,0,0,0
Arrg (hard),210,255,140,280,40,140,0,35,60,35,200,200
Ogre,63,60,54,54,54,1,1,19,23,24,0,0
Blue dragon,111,105,95,95,95,1,1,50,70,70,60,50
Black dragon,227,190,200,200,200,1,100,50,70,70,60,50
Minotaur,12,10,12,10,10,1,1,-21,-21,-21,-21,-21
Ankou,82,65,80,70,70,1,1,0,0,0,0,0
Dust devil,110,130,120,90,40,1,1,0,0,0,0,0
Sigmund,50,60,45,45,24,1,1,0,0,0,0,0
Vyrewatch,105,90,105,86,85,105,105,0,0,0,0,0
Corrupted Rat,34,14,42,48,6,0,6,0,0,0,0,0
Nylocas Vasilias,800,1800,160,140,50,140,20,0,0,0,0,0
Turoth,88,80,57,87,87,1,1,0,20,20,0,0
Pirate,26,23,23,23,23,1,1,3,2,0,0,0
Urium Shade,140,130,138,116,100,0,0,0,0,0,0,0
Camp dweller,25,25,20,25,20,1,1,0,0,0,0,0
Skeleton,13,18,10,11,7,0,0,5,5,-5,0,5
Mogre,60,48,58,55,48,1,1,0,0,0,0,0
Terror dog,110,87,110,104,78,1,1,0,0,0,0,0
Torcher,33,18,0,0,25,0,46,0,0,0,0,0
Turoth,85,77,54,84,84,1,1,0,20,20,0,0
King Scorpion,32,30,30,29,23,1,1,5,15,15,0,5
Iron dragon,215,195,185,185,185,1,120,50,70,70,30,90
River troll,29,,32,32,32,1,1,0,0,0,0,0
Torcher,92,71,0,0,89,0,107,0,0,0,0,0
Marble gargoyle,349,270,230,250,190,220,1,50,50,0,50,50
Thrower troll,68,95,30,95,15,60,0,0,0,0,200,200
Nylocas Matomenos,68,200,100,100,100,100,100,0,0,0,0,0
Corrupted Bear,258,100,147,147,98,147,98,0,0,0,0,0
Tanglefoot,111,102,97,97,91,1,1,0,0,0,0,0
Ankou,95,60,100,70,100,1,1,0,0,0,0,0
Scarab swarm,98,25,255,5,30,1,1,90,90,5,90,90
Zombie,132,54,160,1,62,180,1,15,10,15,30,20
Nylocas Hagios,260,22,250,230,20,250,20,0,0,0,0,0
Tower Archer,34,50,10,10,10,40,1,0,0,0,24,40
Spider,35,4,45,47,20,1,1,20,20,10,17,20
Sir Leye,20,20,0,0,0,0,0,0,0,0,0,0
Abyssal walker,81,95,5,100,95,1,1,75,75,10,75,75
Nazastarool (hard),153,180,150,140,58,0,0,5,5,5,5,5
Soldier (tier 2),48,50,40,40,40,1,1,0,0,0,0,0
Suqah,111,105,95,95,95,1,1,50,70,70,90,50
